title,description,location,features,data,price
"3 BHK Luxury Homes for Sale in Godrej Meridien at Sector 106, Gurgaon","	6% open and green areas • 	4 tier security screening 	6132sqft mtr. (66k sqft) Grand Club House 	7+ sporting facilities • 	International Brand Tie-ups •In proximity to IGIA, International Convention Centre, Dwarka Expressway, Delhi • 	Low density Product •  	Central car free zone • 	Concierge desk & 24x7 Valet Service • 	Lush Forest Grove with walkways , benches and sculptures",Sector 85 Gurgaon Haryana India,3 Bds - 3 Ba - 1855 ft2,2020-07-08T14:57:04+0000,"₹ 1,70,00,000"
,,,,,
2bhk flat sale madan dhaba kokar.,2bhk flat for sale at madan dhaba kokar. Flat disatance only 300 miter. 3rd floor par hai Lift nhi hai. Car parking hai. Gard hai. Rs . 32 lakh only.,Kokar Ranchi Jharkhand India,2 Bds - 2 Ba - 800 ft2,2020-07-05T03:27:49+0000,"₹ 32,00,000"
,,,,,
3 BHK BRAND NEW KOTHI SEMI FURNISHED (100% HOME LOAN FINANCED),"3 BHK  KOTHI SEMI FURNISHED at prime location, MODULAR KITCHEN WARDROBES SPACIOUS CAR PARKING LAWN ETC. PRICE NEGOTIABLE ONLY 37.90 LACS 100% HOME LOAN FULL FINANCED FACILITIES AVAILABLE",Garden Colony Kharar Punjab India,3 Bds - 3 Ba - 1740 ft2,2020-06-16T16:23:28+0000,"₹ 37,90,000"
,,,,,
"Full paisa vasool, %3BHK % Flat  For Sale In sector- 14 Gurugram.","Full paisa vasool, %3BHK % Flat  For Sale In sector- 14 Gurugram.",Sector 14 Gurgaon Haryana India,3 Bds - 3 Ba - 1200 ft2,2020-07-12T19:20:54+0000,"₹ 72,00,000"
,,,,,
"Have a look, %3BHK % Flat For Sale In sector- 14 Gurugram.",- With semi furnished facilities  Like :-  :-modular kitchen with chimney :- wardrobe in Every room  :- Wooden work :- Splits Ac fitting  :-  2 lifts +  Full power backup :- 2 Balconies  :- Polycap wiring fittings :- sera bathroom fittings :- Access With 30Feet wide Road  :- Stilled & Gated Car Parking,Sector 14 Gurgaon Haryana India,3 Bds - 3 Ba - 1200 ft2,2020-07-12T19:20:54+0000,"₹ 72,00,000"
,,,,,
Opt an option of  %3BHK % Flat For Sale In sector- 14 Gurugram.,":-Semi furnished Flats  :-3bhk usable  area 1200sqft @72L :-Plot Area 1000SqYard,  :-S+ 4 Story. :-Registry available & 70-80% Loanable  :- Possession in 3 months (August 2020) :- With semi furnished facilities  Like :-  :-modular kitchen with chimney :- wardrobe in Every room",Sector 14 Gurgaon Haryana India,3 Bds - 3 Ba - 1200 ft2,2020-07-12T19:20:54+0000,"₹ 72,00,000"
,,,,,
"Only for genuine customer, %3BHK % Flat Sale In Anamika Enclave Sec-12",":-3 Bhk Semi furnished Flats  :-With 1200/-sqft useable area  :-Plot Area 600sq yard ,  :-S+ 4 Story. :-Registry available & 80% Loanable  :- With semi furnished facilities  Like :-  :-modular kitchen  :- lift (kone) :- white wash  :- toilet fitting",Sector 12 Gurgaon Haryana India,3 Bds - 3 Ba - 1200 ft2,2020-07-12T19:20:54+0000,"₹ 58,00,000"
,,,,,
Beautifully constructed %3BHK % For Sale In Anamika Enclave Sec-12.,Beautifully constructed %3BHK % For Sale In Anamika Enclave Sec-12.,Sector 12 Gurgaon Haryana India,3 Bds - 3 Ba - 1200 ft2,2020-07-12T19:20:54+0000,"₹ 58,00,000"
,,,,,
Kumar house,Nessesery to mony,Mohakampur Dehradun Uttaranchal India,3 Bds - 2 Ba - 120 ft2,2020-07-12T19:19:34+0000,"₹ 40,00,000"
,,,,,
"Double stored 3 BHK house for sale in chettupuzha ,Thrissur","Double stored 3BHK house in 2.5 cent for sale in chettupuzha ,Thrissur corporation area  100 meter from thrissur - kanjany main road 100 meter from ambakkattu moola center ,chettupuzha thrissur temple,church ,school,shops ,banks, etc,,, all are very nearby    Price Rs 28 Lakhs (negotiable) Contact Mr k j Babu    (Owner)   DOUBLE STORED 3BHK FULLY FURNISHED HOUSE FOR SALE IN CHETTUPUZHA , NEAR AMBAKKATU MOOLA CENTER , THRISSUR The property is situated in Chettupuzha, Thrissur. which is 5km from Thrissur town and 100meter from Amabakkatu Moola bus stop and kanjany Main Road. The house is double stored Three bed room, hall & furnished kitchen with covered parking for two& four wheelers. underground water storage tank with motor is available. Nice and calm residential place",Chettupuzha Thrissur Kerala India,3 Bds - 3 Ba - 1100 ft2,2020-07-12T19:19:19+0000,"₹ 28,00,000"
,,,,,
House on sale,"75 Gaz bna hua plot in Yashoda Nagar Near Uma upvan guest house 500mtr from Sanik Chauraha with 3 bedroom 1kitchen,2 bathroom with car parking.5500 Rent bhi ata hi.",Yashoda Nagar Kanpur Uttar Pradesh India,3 Bds - 2 Ba - 750 ft2,2020-07-12T19:18:36+0000,"₹ 27,50,000"
,,,,,
FOR SALE 2BHK,This is an east facing flat as per vastu open from 3 sides giving excellent ventilation.24 hrs sweet metro and bore water.silent residential area.Rates negotiable for genuine buyers,Vyasarpadi Chennai Tamil Nadu India,2 Bds - 2 Ba - 641 ft2,2020-07-12T19:16:42+0000,"₹ 42,00,000"
,,,,,
Flat for sale on 5th floor,Single bedroom flat with open 400sft veranda at suncity p&t colony near glendar school and aslo 2 bhk flat for sale in sale apartment on same floor and also lift facilitie available. (new construction),Engine Bowli Hyderabad Telangana India,1 Bds - 1 Ba - 800 ft2,2020-07-12T19:15:01+0000,"₹ 22,00,000"
,,,,,
"Big deal for your need  only 2 BHK Flats   for Sale  in  Hinjewadi, Ph","Big deal for your need  only 2 BHK Flats   for Sale  in  Hinjewadi, Phase 3",Hinjewadi Pune Maharashtra India,2 Bds - 2 Ba - 900 ft2,2020-07-10T12:58:12+0000,"₹ 48,00,495"
,,,,,
luxurious Gated community flats in Gajuwaka,luxurious Gated community flats in Gajuwaka Club house Community Hall Jogging Track Children Park Swimming pool Lawn Comfortable Elevators Society Office 24/7 Water supply 24/7 Security Guards Power backup for common areas and lift.,Gajuwaka Visakhapatnam Andhra Pradesh India,2 Bds - 2 Ba - 1050 ft2,2020-06-25T03:54:04+0000,"₹ 31,00,000"
,,,,,
BRAND NEW HOUSE SALE IN ERATTUPETTA KANJIRAPPALLY HIGHWAY NEAR GOOD,10 CENT LAND 1400 SQUARE FEET 3 BEDROOM ATTACHED BATHROOM HOUSE OPEN WELL WATER TAR ROAD HIGHWAY 1 KM GOOD RESIDENTIAL AREA USED IN HIGH QUALITY MATERIALS FULLY FURNISHED LOAN AVAILABLE PLS CALL OR WATSSAPP IN ANY TIME PALA PROPERTIES .SALE OR PURCHASING PLS CALL OR WATSSAPP ME.,Meenachil Palai Kerala India,3 Bds - 3 Ba - 1400 ft2,2020-06-17T10:25:40+0000,"₹ 45,00,000"
,,,,,
Sell for home,Makan bechna dabal flor complit Pura makan oner se sidhe bat kariye  bich me koi ajent nahi hai ( kirpya taim pass wale msg n kare),Gaus Nagar Allahabad Uttar Pradesh India,4 Bds - 3 Ba - 520 ft2,2020-07-12T19:10:39+0000,"₹ 40,00,000"
,,,,,
Flat resale,"It is a 3bhk Flat near vip road,kestopur with very good construction.All windows are box windows,lots of wardrobes,big kitchen and bathrooms There are two markets near house Communication is very good.2mins from vip road 10 mins from railway station,15 min from newtown rajarhat",Keshtopur Kolkata West Bengal India,3 Bds - 2 Ba - 1050 ft2,2020-07-12T19:10:08+0000,"₹ 37,00,000"
,,,,,
Grand 1bhk for sale in Tilak Nagar,I want to sell my 1bhk flat in tilak nagar on urgent basis.It is 450 sqft carpet area.Flat is on 3rd floor out of 16 floors.It is an new building.Photos will be provided in request.Genuine buyers only.,Tilak Nagar Mumbai Maharashtra India,1 Bds - 1 Ba - 775 ft2,2020-07-12T19:09:58+0000,"₹ 1,10,00,000"
,,,,,
Flats for sale,"Good location,paramount colony gate 2⃣ toli chowki Hyderabad,1⃣1⃣0⃣0⃣ sft all flats,available flats (6⃣) 4⃣ th 5⃣ th  6⃣th floor each floor 2⃣ flats price 3⃣8⃣ lakh's mediator Ahmed -7⃣ 3⃣ 0⃣ 6⃣ 7⃣ 7⃣ 4⃣ 0⃣ 6⃣ 8⃣",Tolichowki Hyderabad Telangana India,2 Bds - 3 Ba - 1100 ft2,2020-07-12T19:09:24+0000,"₹ 38,00,000"
,,,,,
I want 2sale my 5ogaj independent house,5ogaz house sale prime location allfacilities available like ganga water nearest metro only 2km gaziabaad only 1km annadvihar only 7km,Mandoli Delhi Delhi India,4 Bds - 2 Ba - 450 ft2,2020-07-12T19:09:18+0000,"₹ 52,00,000"
,,,,,
"Duplex for sale, complete house","Duplex for urgent slae ,prime location ,reasonable price ,ready to move ,loan facility available ,mda approved, 167 yards ,direct dela with owner ,no commission ,futur plan metro,rapid rail, under ground electric wires started ,futuristic location ,",Pallav Puram Meerut Uttar Pradesh India,4+ Bds - 4 Ba - 1500 ft2,2020-07-12T19:09:00+0000,"₹ 60,00,000"
,,,,,
Flat for sale ...,Flat for sale near housing board colony NEAR TO MOULALI RAOD,AS Rao Nagar Hyderabad Telangana India,2 Bds - 2 Ba - 1050 ft2,2020-07-12T19:07:11+0000,"₹ 40,00,000"
,,,,,
Mahila Awas Yojna,"Project Name - Max Mahila Awas Yojna  Location - Faizabad Road, Lucknow  #Rera_No - UPRERAPRJ467572  #Bank_Finance Available #EMI Available  2 BHK - 16 Lakh 3 BHK - 19 Lakh(onwards)  #Specifications Sever Line, Water Supply, Semi Modular Kitchen, Park, Plastic Paint, P.O.P Fall Ceiling with Lighting, Anti Skid Tyles, Stainless Steel Railings, MCB of Havels, Modular Swiches, Apex Coating Paint.  #Sample_Flats_Ready #Pehle Aao #Pehle Paao  Contact me for more details.",Nawabganj Barabanki Uttar Pradesh India,3 Bds - 2 Ba - 1144 ft2,2020-07-12T19:06:29+0000,"₹ 18,99,000"
,,,,,
Urgent %3BHK % Flat For Sale In Anamika Enclave Sec-12.,Urgent %3BHK % Flat For Sale In Anamika Enclave Sec-12.,Sector 12 Gurgaon Haryana India,3 Bds - 3 Ba - 1200 ft2,2020-07-12T19:05:31+0000,"₹ 58,00,000"
,,,,,
Located In Anamika Enclave Sec-12.%3BHK % Flat For Sale,Located In Anamika Enclave Sec-12.%3BHK % Flat For Sale,Sector 12 Gurgaon Haryana India,3 Bds - 3 Ba - 1200 ft2,2020-07-12T19:05:31+0000,"₹ 58,00,000"
,,,,,
"Good location, %3BHK % Flat For Sale In Anamika Enclave Sec-12.","Good location, %3BHK % Flat For Sale In Anamika Enclave Sec-12.",Sector 12 Gurgaon Haryana India,3 Bds - 3 Ba - 1200 ft2,2020-07-12T19:05:31+0000,"₹ 58,00,000"
,,,,,
Find your %3BHK % Flat For Sale In Anamika Enclave Sec-12.,Find your %3BHK % Flat For Sale In Anamika Enclave Sec-12.,Sector 12 Gurgaon Haryana India,3 Bds - 3 Ba - 1200 ft2,2020-07-12T19:05:31+0000,"₹ 58,00,000"
,,,,,
Big %3BHK % Flat  For Sale In Anamika Enclave Sec-12.*,Big %3BHK % Flat  For Sale In Anamika Enclave Sec-12.*,Sector 12 Gurgaon Haryana India,3 Bds - 3 Ba - 1200 ft2,2020-07-12T19:05:31+0000,"₹ 58,00,000"
,,,,,
Spacious %3BHK % Flat  For Sale In Anamika Enclave Sec-12.,Spacious %3BHK % Flat  For Sale In Anamika Enclave Sec-12.,Anamika Enclave Gurgaon Haryana India,3 Bds - 3 Ba - 1200 ft2,2020-07-12T19:05:31+0000,"₹ 58,00,000"
,,,,,
Best option to choose %3BHK % Flat For Sale In Anamika Enclave Sec-12.,Best option to choose %3BHK % Flat For Sale In Anamika Enclave Sec-12.,Anamika Enclave Gurgaon Haryana India,3 Bds - 3 Ba - 1200 ft2,2020-07-12T19:05:31+0000,"₹ 58,00,000"
,,,,,
"Prime Location, Good infrastructure, %3BHK % Flat For Sale .",":-3 Bhk Semi furnished Flats  :-With 1200/-sqft useable area  :-Plot Area 600sq yard ,  :-S+ 4 Story. :-Registry available & 80% Loanable  :- With semi furnished facilities  Like :-  :-modular kitchen  :- lift (kone) :- white wash  :- toilet fitting  :- wall paper  :- ISI wiring fiitting :- 1 km away from Bus stand  :- 10minutes away from hudda city center metro station  :- Access With 25 Fit wide Road  :- Stilled & Gated Car Parking",Anamika Enclave Gurgaon Haryana India,3 Bds - 3 Ba - 1200 ft2,2020-07-12T19:05:31+0000,"₹ 58,00,000"
,,,,,
1BHK apartment for sale at chinnamudaliya chawadi,sale at chinnamudaliya chawadi on ECR Road,Chinamudaliar Chavadi Kottakuppam Tamil Nadu India,1 Bds - 1 Ba - 1240 ft2,2020-07-12T19:04:41+0000,"₹ 28,00,000"
,,,,,
2 Bhk @ Godrej Garden City,The project offers Apartment with perfect combination of contemporary architecture and features to provide comfortable living.  The Apartment are of the following configurations: 2BHK.  The size of the Apartment ranges in between 49.0 Sq. mt and 58.0 Sq. mt  facilities such as Gymnasium.It also has amenities like Jogging track and Swimming pool.,Jagatpur Ahmedabad Gujarat India,2 Bds - 2 Ba - 1080 ft2,2020-06-15T01:21:46+0000,"₹ 47,00,000"
,,,,,
3BHK LUXURIOUS FLAT AT 17.75Lacs Onwards SALE # Param Bliss# atladara,"3BHK LUXURIOUS FLAT AT Rs.17.75Lacs Onwards SALE # Param Bliss# atladara  Amenities:    GYMNASIUM  GAME ROOM  CLUB HOUSE  LANDSCAPED GARDEN  POWER BACKUP FOR COMMON UTILITY  DEDICATED TWO LIFTS FOR EACH TOWER  RCC TRIMIX ROAD CHILDREN'S PLAY AREA  SENIOR CITIZEN SITTING  JOGGING TRACK  UNDERGROUND ELECTRIC CABLING  FIRE EXTINGUISHER PIPES ON EACH FLOOR  Specification:  Structure:  Earthquake resistance RCC frame structure as per structure design  Wall Finishing  Internal smooth plaster with acrylic emulsion paint &  external double coat plaster with weather-resistant paint  Flooring  Vitrified tiles flooring in all rooms  Door  Elegant entrance door & Internal flush door with stone frame  Windows  Anodized aluminum windows with stone Sill  Kitchen:  Granite platform with SS Sink & glazed tiles dedo upto lintel level  Bathroom:  Designer Bathrooms with premium fittings & vessels with  glazed tiles upto lintel level  Plumbing:  Concealed U-PVC Plumbing  Electrification  Concealed copper wiring of approved quality, sufficient electrical  points as per architect's plan  Water Supply  Individual R.O System &Sensor for overhead and underground tank  Terrace:  Open terrace finished with water proofing & china mosiac",Atladara Padra Road Vadodara Gujarat India,3 Bds - 3 Ba - 1170 ft2,2020-06-15T07:34:12+0000,"₹ 17,75,001"
,,,,,
टू बीएचके फ्लैट इन टैगोर टाउन नियर यश्लोक हॉस्पिटल,ब्रोकर को बिकवा ने पर ब्रोकरेज दिया जाएगा,Tagore Town Allahabad Uttar Pradesh India,2 Bds - 1 Ba - 750 ft2,2020-06-10T14:32:08+0000,"₹ 43,99,999"
,,,,,
Flat at topsia Gj khan Road kol 39,"Alvester on top floor but designing falsiling council wiring fully tiles on top to bottom at kitchen and toilet, there are two room one bed room and one hall room  sweet water available but only toilet  height is little short",Jhautala Kolkata West Bengal India,1 Bds - 1 Ba - 310 ft2,2020-07-12T18:57:59+0000,"₹ 7,00,000"
,,,,,
2bhk flat  phoenix,2bedroom flat phoenix apartment,Edappally Kochi Kerala India,,2020-07-12T18:57:46+0000,"₹ 55,000"
,,,,,
Corner duplex house.,Corner duplex house Shayam Nagar Nx modular kitchen (good location House ),Sukhlia Indore Madhya Pradesh India,2 Bds - 2 Ba - 800 ft2,2020-07-12T18:57:37+0000,"₹ 31,00,000"
,,,,,
Luxury 3bhk pre-launch@bachupally,Premium 3bhk flats on pre-launch sale in bachupally in a high rise gated community with world class amenities in 10 acres of land.,Bachupally Hyderabad Telangana India,3 Bds - 3 Ba - 1556 ft2,2020-07-12T18:57:20+0000,"₹ 45,00,000"
,,,,,
"2 Big Parks, 2 Swimming pools, 24 hr Security, cctv,club house,etc",Moderate Villa,Deep Avenue Tarantaran Punjab India,4 Bds - 4 Ba - 6000 ft2,2020-07-12T18:57:02+0000,"₹ 90,00,000"
,,,,,
Prestige Spencer Heights – 3 BHK Apartments in Frazer Town,Prestige Spencer Heights – 3 BHK Apartments in Frazer Town   This is feng shui/vaastu compliant property. It is an wonderful view of park/garden. Fully power back up. The unit is located in a gated society.,Fraser town Bengaluru Karnataka India,3 Bds - 3 Ba - 2378 ft2,2020-07-12T18:56:51+0000,"₹ 3,40,00,000"
,,,,,
Flat for sale (urgent),02 Room set 01 kitchen 01 Balcony Separate washroom and Toilet  Add- Sugam Vihar Kalindipuram Prayagraj Intrested person contact on my number,Kalandipuram Allahabad Uttar Pradesh India,1 Bds - 1 Ba - 398 ft2,2020-07-12T18:56:32+0000,"₹ 20,00,000"
,,,,,
Pre-launch 3bhk@bachupally,Premium 3bhk flats on pre-launch sale in bachupally in a high rise gated community with world class amenities in 10 acres of land.,Bachupally Hyderabad Telangana India,3 Bds - 3 Ba - 1294 ft2,2020-07-12T18:55:13+0000,"₹ 37,50,000"
,,,,,
New Furnished Flat for an Urgent sale in Sobha City  Thrissur,"New Furnished 3 bed rooms attached flat for an urgent sale in Sobha City Thrissur. All Imported materials used,  No Maintenance charges. Including the Club house membership and 1 extra car parking price 1 Crore 49 lacks.  1800 Sq Feet 3 bed rooms  and 3140 4 bed rooms furnished and without furnishings also available in Sobha City Thrissur...  Please Contact BabuRamakrishnan, thrissurproperty com",Puzhakkal Padom Thrissur Kerala India,3 Bds - 4 Ba - 2240 ft2,2020-06-17T10:35:54+0000,"₹ 1,49,00,000"
,,,,,
3 BHK For Sale in Sector 115,"This Spacious Residential Floors  has total   3 floors, makes it very suitable for a family with variety of living needs in mind. The space is airy is well located and can be easily customized as per the needs. Ample space for covered car parking for visitors. All modern development happening in the surrounding.  . Daily needs shops inside the township.  . Green parks inside the township.  . 24 hrs. Security – Gated society.  . 24 hrs. Water available.  Loan Facility is available from all leading banks.",Sector 115 Mohali Punjab India,3 Bds - 3 Ba - 1273 ft2,2020-06-22T07:30:00+0000,"₹ 31,90,000"
,,,,,
BUY 3BHK AT NASIK ROAD DATTA MANDIR,"Karda Hari Nakshatra  A thoughtfully planned project that exudes intense precision and passion in shaping your dream of a perfect home for you and your loved ones. It comprises of residential flats & shops. The buildings are well planned with flats that are designed to make optimum utilization of spaces. This complex is ideally located in an area with close proximity to the Nashik Road Railway Station , highway, schools, colleges hospital and shopping areas that makes it a convenient choice for all.   >Covered swimming pool  >Amphitheatre  >Mini Theatre  >Gazebo  >Lawn  >Children play area  >Gymnasium with steam bath  >Club house & Squash Court  >Allotted parking  >Video door phone  >Vastushastra based design",Datta Nagar Nashik Maharashtra India,3 Bds - 3 Ba - 1460 ft2,2020-06-29T07:53:05+0000,"₹ 82,10,231"
,,,,,
"Luxury Independent Villas in Devanahalli,","Prestige Golfshire – Luxury Independent Villas in Devanahalli, Nandi Hills",Nandi Hills Bengaluru Karnataka India,4 Bds - 4 Ba - 5896 ft2,2020-07-12T18:54:48+0000,"₹ 6,75,00,000"
,,,,,
LOW Budget 5.50 Marla 3BHK House In Just 28.50 Lac In Jalandhar,"Great Offer 5.50 Marla 3BHK House In Just 28.50 Lac   Address:--  Venus Velly Colony, Amritsar By-Pass Road Backside Verka Milk Plant Near Swami Mohan Dass Public School Jalandhar  (Harjitsons Real Estate)  Property Detail:--  Plot Area: 1140 sq.ft. Price: 28.50 Lac Booking Price: 20 Thousand  Availability: Within One Month Road: 24""ft Wide Road Water Supply: Available Drainage System: Available Green Belt: Available NOC & Naksha: Passed (Municipal Corporation Jalandhar)  Its 3 Bedroom, 3 Bathroom,  Drawing Room, Lobby, Kitchen With Cupboards, Up-Stairs, Terrace, Car-Porch & Many More   --Housing Loan Available Upto 90% -- Its Well Developed Colony  -- Easy To Approachable  -- Well Educated Family Living Here   For Further Detail Regarding Property, Contact On  99155  ,  57101 Mr. Harpreet Singh T&C Apply",Kalia Colony Jalandhar Punjab India,3 Bds - 3 Ba - 1700 ft2,2020-07-03T09:56:41+0000,"₹ 28,50,000"
,,,,,
1 Bhk Flat Available Gurgaon,1 Bhk Flat Available Gurgaon,Sector 33 Gurgaon Haryana India,1 Bds - 1 Ba - 540 ft2,2020-06-14T06:54:48+0000,"₹ 13,50,000"
,,,,,
2 BHK Only @ 56 L In Sus,"Blueroof Sera is nothing but the one of the premium residential project in Sus Area , which offers great and luxury apartments in affordable prices with all the basic amenities. In which naturally lit & well ventilated rooms , use of quality building materials & quality finishesh .",SUS Pune Maharashtra India,2 Bds - 2 Ba - 1027 ft2,2020-06-15T02:06:34+0000,"₹ 56,33,000"
,,,,,
Pre-launch 2bhk@Bachupally,Premium 2bhk flatson pre-launch sale in bachupally in a high rise gated community with world class amenities in 10 acres of land.,Bachupally Hyderabad Telangana India,2 Bds - 2 Ba - 1045 ft2,2020-07-12T18:51:53+0000,"₹ 30,00,000"
,,,,,
"3 BHK Luxury Homes for Sale in Godrej Meridien at Sector 106, Gurgaon","	6% open and green areas • 	4 tier security screening 	6132sqft mtr. (66k sqft) Grand Club House 	7+ sporting facilities • 	International Brand Tie-ups •In proximity to IGIA, International Convention Centre, Dwarka Expressway, Delhi • 	Low density Product •  	Central car free zone • 	Concierge desk & 24x7 Valet Service • 	Lush Forest Grove with walkways , benches and sculptures",Sector 85 Gurgaon Haryana India,3 Bds - 3 Ba - 1855 ft2,2020-07-08T14:57:04+0000,"₹ 1,70,00,000"
,,,,,
Furnished havy beautiful flat sell in behala diamond park society,"2bhk fully finished havy beautiful 3rd floor flat with lift sell in behala diamond park. Near pond. Loan available. Contact only genuine clients please and brokerage one month rent extra. Contact Mr Rana  for visit, more photos and more information about this property. Open my advertisement > scroll down > click on Rana Real Estate > click follow option, then my every new advertisement notifying you.",Behala Kolkata West Bengal India,2 Bds - 2 Ba - 810 ft2,2020-07-12T18:54:36+0000,"₹ 30,00,000"
,,,,,
AMUTHAM BUILDERS - loan arrangements and construction,BUILDING AND VILLAS We are builder Loan arrangements and construction if you any requirement pls make call and any clarification if don't mine make a call,Kamatchi Puram Tiruppur Tamil Nadu India,2 Bds - 2 Ba - 1000 ft2,2020-07-12T18:54:23+0000,"₹ 10,000"
,,,,,
It is having comprises of many world class amenities,"Prestige Edwardian  Ready to move  Prestige Edwardian bring forth the elegance and grace of an age when life was leisure and every day a celebration. Prestige Edwardian comes with all contemporary amenities like a Clubhouse, Swimming Pool, Gymnasium and more to accommodate the lifestyle and requirements of modern ultra luxury living. Come discover the gracious life!",Vasant Nagar Bengaluru Karnataka India,4 Bds - 4 Ba - 4750 ft2,2020-07-12T18:51:43+0000,"₹ 11,00,00,000"
,,,,,
House complete ready to move on road campwell road near petrol pump,Behind SS LAWN campwell near petrol pump ⛽️ road on road well maintained house new call me,Balaganj Lucknow Uttar Pradesh India,4 Bds - 2 Ba - 800 ft2,2020-07-12T18:51:04+0000,"₹ 34,00,000"
,,,,,
3 sides open specious 3 BHK BHK Apartments in Cunningham Road,Prestige Kenilworth   3 sides open specious 3 BHK BHK Apartments in Cunningham Road makes living in the hotspot old Bangalore an experience like never before. With two dedicated levels of premium amenities two make your stay bliss. (Possession – April – 2021),Vasant Nagar Bengaluru Karnataka India,3 Bds - 3 Ba - 3500 ft2,2020-07-12T18:48:42+0000,"₹ 9,00,00,000"
,,,,,
2bhk flat sale madan dhaba kokar.,2bhk flat for sale at madan dhaba kokar. Flat disatance only 300 miter. 3rd floor par hai Lift nhi hai. Car parking hai. Gard hai. Rs . 32 lakh only.,Kokar Ranchi Jharkhand India,2 Bds - 2 Ba - 800 ft2,2020-07-05T03:27:49+0000,"₹ 32,00,000"
,,,,,
Cheap and best,"New flat with bike parking near Metro Station  modular kitchen fans ,water and electricity meter connection near Metro  Pls contact",Om Vihar Delhi Delhi India,2 Bds - 2 Ba - 500 ft2,2020-07-12T18:53:49+0000,"₹ 22,00,000"
,,,,,
"I wanna sell my room at Virar East, priced 1700000/-","selling my 1rk room loacted at Virar East, area of 375 sqft. priced at 1700000/-.",Virar West Thane Maharashtra India,1 Bds - 1 Ba - 375 ft2,2020-07-12T18:52:34+0000,"₹ 17,00,000"
,,,,,
3 BHK @ Shilaj Circle,Aashray Atulyam in Ahmedabad West by Aashray Constructions is a residential project. The project offers Apartment with perfect combination of contemporary architecture and features to provide comfortable living. The Apartment are of the following configurations: 2BHK and 3BHK. The size of the Apartment ranges in between 61.59 Sq. mt and 76.18 Sq. mt Aashray Atulyam price ranges from 42.00 Lacs to 52.00 Lacs. Aashray Atulyam offers facilities such as Gymnasium and Lift.It also offers services like Banquet hall. It also offers Car parking.,Shilaj Ahmedabad Gujarat India,3 Bds - 3 Ba - 1550 ft2,2020-07-12T18:52:24+0000,"₹ 56,18,500"
,,,,,
Premium banglow for sale,"3-4-5 bhk Premium banglow Avaliable for sale prime and different location in indore With All modern Amenities.   Annapurna,  Rajendra nager,  Vip paraspar,  Traiser fantasy,  Traiser Town,  Awasa bijalpur,  Bangali squre,  Royal krishnaa  Vijay nager,    Imp. Attached pics imagination only original deefer.   More details Available on your call  K3 REAL ESTATE INDORE",Vip Paraspar Nagar Indore Madhya Pradesh India,4 Bds - 3 Ba - 2550 ft2,2020-07-12T18:48:36+0000,"₹ 1,25,00,000"
,,,,,
ഫ്ലാറ്റുകളും വീടുകളും സ്ഥലങ്ങളും എറണാകുളത്തു kuranjavilayil,Afgfgjlgfmj,Malippuram Town Kochi Kerala India,2 Bds - 2 Ba - 700 ft2,2020-07-12T18:48:31+0000,"₹ 20,00,000"
,,,,,
Luxury 2bhk in Prime Location with luxurious aminities at tellapur,"Luxurious Gated Community Apartment Flats. G+9 Floors, With 5 Star Club House and Amenities, Behind Wipro Limited, GOPANPALLY Hyd 8 Towers in 6.5 acres Land Possession: 3 years 2,3 BHK Flats Available  East/West Facing Available   for Details contact us",Tellapur Hyderabad Telangana India,2 Bds - 2 Ba - 1271 ft2,2020-07-08T12:02:02+0000,"₹ 51,43,590"
,,,,,
3 BHK BRAND NEW KOTHI SEMI FURNISHED (100% HOME LOAN FINANCED),"3 BHK  KOTHI SEMI FURNISHED at prime location, MODULAR KITCHEN WARDROBES SPACIOUS CAR PARKING LAWN ETC. PRICE NEGOTIABLE ONLY 37.90 LACS 100% HOME LOAN FULL FINANCED FACILITIES AVAILABLE",Garden Colony Kharar Punjab India,3 Bds - 3 Ba - 1740 ft2,2020-06-16T16:23:28+0000,"₹ 37,90,000"
,,,,,
"Full paisa vasool, %3BHK % Flat  For Sale In sector- 14 Gurugram.","Full paisa vasool, %3BHK % Flat  For Sale In sector- 14 Gurugram.",Sector 14 Gurgaon Haryana India,3 Bds - 3 Ba - 1200 ft2,2020-07-12T19:20:54+0000,"₹ 72,00,000"
,,,,,
"House for Sale at Chanthavila,Thiruananthapuram",4.5 Cents land  500 mtrs. from bypass road.  Excellent place to live. Easily accessible  to all major institutions,Chanthavila Thiruvananthapuram Kerala India,3 Bds - 3 Ba - 1500 ft2,2020-07-12T18:52:04+0000,"₹ 53,00,000"
,,,,,
"New house in Pala town. 3 bed, 3 bath, parking","New house in Pala town. 3 bedrooms. 3 bathrooms. Large living room. Two kitchens. 2000 sqft. 3 car parking. Covered terrace.  10 cents.  3 km from town center. 2 minutes to bus stop. Near IIIT Engineering College, Edanad Center.  Price negotiable",Meenachil Palai Kerala India,3 Bds - 3 Ba - 2000 ft2,2020-07-12T18:51:55+0000,"₹ 72,00,000"
,,,,,
₹ 68 Lakh all incl 2 BHK Home in Prasun sarvam at Kharadi.#book@21k,"AMENITIES A SELF-RELIANT ABODE. At Prasun Sarvam, the greener environment, ecofriendly features, and the aspiration to capture the panch-tatvic essence helps you get the best of what the nature has to offer. It is a complete lifestyle project where we aspire to become a self-reliant society.  Greeun-:  Prasun Sarvam Amenity Toddlers Park  Landscaped Garden  Senior Citizen Area  Solar Lighting System  STP Unit to recycle water  Compost machine   Community Hall  Multipurpose Court  Children Play Area  Gymnasium with Indoor and Outdoor Equipments  Climbing Wall  Walking Track on the Podium  Cricket Pitch  Indoor Games  Common amenities-:   Generator backup for Lifts and Common Areas  Grand Entrance  Furnished Society Office",Kharadi Pune Maharashtra India,2 Bds - 2 Ba - 993 ft2,2020-06-18T14:07:20+0000,"₹ 68,10,900"
,,,,,
"2 BHK Flats for Sale in Vascon GoodLife at Katvi, Talegaon","2 BHK Flats for Sale in Vascon GoodLife at Katvi, Talegaon",Maharana Pratap Chowk Nanded Maharashtra India,2 Bds - 2 Ba - 604 ft2,2020-07-04T11:57:42+0000,"₹ 30,01,109"
,,,,,
"RERA Approved Flats For Sale In Bachupally, Miyapur, Hyderabad.",Greetings  Book your dream Home immediately without losing the best opportunity.  From one of the fastest growing and reliable developers  Project Highlights:   Main Road Access  More Open area  Well Ventilation Flats  Vaastu Compliant  Wide Parking Zone   HMDA Approved.,Mallampet Hyderabad Telangana India,2 Bds - 2 Ba - 1082 ft2,2020-07-06T10:47:28+0000,"₹ 43,28,000"
,,,,,
"Have a look, %3BHK % Flat For Sale In sector- 14 Gurugram.",- With semi furnished facilities  Like :-  :-modular kitchen with chimney :- wardrobe in Every room  :- Wooden work :- Splits Ac fitting  :-  2 lifts +  Full power backup :- 2 Balconies  :- Polycap wiring fittings :- sera bathroom fittings :- Access With 30Feet wide Road  :- Stilled & Gated Car Parking,Sector 14 Gurgaon Haryana India,3 Bds - 3 Ba - 1200 ft2,2020-07-12T19:20:54+0000,"₹ 72,00,000"
,,,,,
24 cents of land with two houses for sale,24cents of land with two houses for sale in vaniyamkulam. 1. 1.5km from. Vkm town and PK Das hospital 2.7 kms to shoranur railway station 3. 7kms to Ottapalam railway station 4. 4kms to varikkassery mana  Other plots on Ottapalam near to mathoor mana and 1hector land near to PK Das Hospital vkm also available Call for more details.,Vaniyamkulam 1 Vaniyamkulam II Kerala India,3 Bds - 4 Ba - 2000 ft2,2020-07-12T18:51:55+0000,"₹ 12,34,56,789"
,,,,,
&900sqft 2BHK% Unfurnished area/available for Sale in Pune,&900sqft 2BHK% Unfurnished area/available for Sale in Pune,Pimpri Chinchwad Pune Maharashtra India,2 Bds - 2 Ba - 900 ft2,2020-06-13T10:02:38+0000,"₹ 36,50,000"
,,,,,
indus valley SUNDWRKHAL 1 BHK FLAT READY POSSIOSSEN WITH 80% BANK FAIN,"APPARTMENT SUNDERKHAL MUKTESHWAR  Presenting ready to move in 1 BHK Luxury apartment  Here are some key features:  • Super Buildup area 775 sq ft.  • Fully Furnished Optional.  • Parking (Purchasable optional)  • 1 Bedroom with attached 1 toilet + with hall attached 1 Bathroom Lobby with Dining Area attached toilet + 1 Balcony + Patio + Personal Parking.  •Open modular Kitchen.  •High-End Bathroom Fittings & UPVC Fenesta windows.  •Large windows all around for better sun light and with 180 degree Himalayan view.  • Large green area.  •Wide front view.  •Complete privacy.  OVERVIEW  FULL FURNISH FLATS--  KITCHEN  Microwave oven  One induction cooking set  Induction cooking stove  One dinner set  Exhaust fan  Serving spoon set/spoons  Instant Geyser  Kitchen knife & chopping board  Refrigerator ( in cottages)  4 Glasses,4 coffee mugs & 1 Tray  Chimney  Spice Jars  LIVING ROOM  One sofa set  Doormat  One center table  Curtains  4 Seater dining table  One central designer lampshade  One color LED 32""  Oil Radiator  Tata Sky connection  One medium sized floor rug  TOILET & BATHROOM  Cabinet with mirror  1 designer towel set  Towel holder  Soap case with holder  Exhaust fan  Toothbrush holder  Geyser  Shower curtains  BEDROOM  Wooden double bed with two side tables  Mattress with two pillows sets  Wall Built-in Almirah with mirror  Two bedsheet sets  One medium sized floor rug  Two warm blankets  Table lamp  Curtains  20% DOWN PAYMENT 80% AMOUNT BANK FAINENCE",Tallital Nainital Uttaranchal India,1 Bds - 2 Ba - 775 ft2,2020-06-02T06:58:47+0000,"₹ 40,33,000"
,,,,,
130 yards Independent house borabanda,"There are two houses for sale 80 square yards E/F 3 portions with rcc slab getting 16500 rent 36 lakhs,                                                               50 square yards W/F getting 7500 rent 23 Lakhs patta land buyer can get it registered.",Borabanda Hyderabad Telangana India,4+ Bds - 2 Ba - 1300 ft2,2020-05-30T21:33:16+0000,"₹ 36,00,000"
,,,,,
studio apartments available at guruvayoor,studio with kitchen space and balcony furnished and unfurnished,North Nada Guruvayur Kerala India,1 Bds - 1 Ba - 375 ft2,2020-01-16T05:33:04+0000,"₹ 14,50,000"
,,,,,
Premium 3 BHK flats for Sale in Mohali,"Looking for premium 3 BHK flats in Mohali? SBP City of Dreams offers pocket friendly 3 BHK flats which are located in the highly secured gated township with great ambience along with beautifully conceived residential & commercial development. Some of the prominent amenities are: •	Elevators with ARD System •	Automated Boom Barrier •	3 Tier Security •	Bus Shelter •	Water harvesting system •	Gas pipeline connection •	Shopping complex inside the premises And many more amenities…………..",Sector 115 Mohali Punjab India,3 Bds - 3 Ba - 1585 ft2,2020-06-27T06:00:42+0000,"₹ 42,90,200"
,,,,,
#1 BHK only @ 35 L All Inclusive near Baner,"Welcome to the Fastest-Selling Township of West Pune, Township Codename Blue Waters. Spread over 100+ acres Blue Waters comprises of 3 Residential Projects,  VTP Leonara, VTP Bel Air, VTP Alpine & a commercial project VTP Town Square with over 30+ World-class Township Level & Project level amenities.",Mahalunge Pune Maharashtra India,1 Bds - 1 Ba - 611 ft2,2020-06-14T02:18:08+0000,"₹ 35,00,000"
,,,,,
**AMAZING OFFER** READY TO SHIFT 2 BHK FULLY FURNISHED FLAT 22.5 LAKHS,"FULLY FURNISHED 2 BHK FOR SALE AT MOJI VIHAR, DADU DAYAL NAGAR, MANSAROVAR FLAT LOCATED AT 200 FT SECTOR ROAD 700 METRES FROM KESAR CIRCLE 1 KM FROM MAIN ISKCON ROAD FULLY FURNISHED 2 BHK FLAT AT A PRICE OF 22.5 LAKHS ONLY!!  ** LIMITED UNITS LEFT ** INTERESTED CLIENTS -- CALL ME FOR MORE DETAILS",Mansarovar Jaipur Rajasthan India,2 Bds - 2 Ba - 1150 ft2,2020-07-12T19:04:16+0000,"₹ 22,50,000"
,,,,,
Opt an option of  %3BHK % Flat For Sale In sector- 14 Gurugram.,":-Semi furnished Flats  :-3bhk usable  area 1200sqft @72L :-Plot Area 1000SqYard,  :-S+ 4 Story. :-Registry available & 70-80% Loanable  :- Possession in 3 months (August 2020) :- With semi furnished facilities  Like :-  :-modular kitchen with chimney :- wardrobe in Every room",Sector 14 Gurgaon Haryana India,3 Bds - 3 Ba - 1200 ft2,2020-07-12T19:20:54+0000,"₹ 72,00,000"
,,,,,
"Only for genuine customer, %3BHK % Flat Sale In Anamika Enclave Sec-12",":-3 Bhk Semi furnished Flats  :-With 1200/-sqft useable area  :-Plot Area 600sq yard ,  :-S+ 4 Story. :-Registry available & 80% Loanable  :- With semi furnished facilities  Like :-  :-modular kitchen  :- lift (kone) :- white wash  :- toilet fitting",Sector 12 Gurgaon Haryana India,3 Bds - 3 Ba - 1200 ft2,2020-07-12T19:20:54+0000,"₹ 58,00,000"
,,,,,
Independent House RCC For Sale (84 Sq.Y),84 Square Yards Dimension (25x31)  2 Roads L type 2 Bed Rooms and 1 Hall 2 Bathrooms immediately sale at Jawid Nagar Edi Bazar Near Talab katta Railway Bridge,Edi Bazar Hyderabad Telangana India,2 Bds - 2 Ba - 760 ft2,2020-05-24T11:14:18+0000,"₹ 30,00,000"
,,,,,
Sai Proviso Sapphire 1 BHK 490 Sq Ft Flats for Sale in Roadpali,"FREEHOLD PLOT | CC & CRZ CLEARANCE - Available | Payment Plan Available| Plot Size:- 3049.31 SQ. MTRS. | G+16 Floors Stand-alone Tower - 1Bhk, 2Bhk + T & 2Bhk Flats | TOTAL UNITS# 110.  CCTV • Car Parking • WI-FI • Clubhouse • Swimming Pool & Kids Pool • Landscape Garden at 2nd Floor • Children play area • Water Bodies and Fountains • Acupressure • Walk Area • Amphitheater • Indoor games Room • Party Lawn.  MAHA RERA: P52000/ 021378 and Possession Date -29/06/2024",Ulwe Navi Mumbai Maharashtra India,1 Bds - 1 Ba - 765 ft2,2020-07-12T18:58:09+0000,"₹ 59,52,660"
,,,,,
2 bhk semi furnished flat for sale,2 bhk semi furnished flat near selvapuram for sale,Selvapuram Coimbatore Tamil Nadu India,2 Bds - 2 Ba - 1274 ft2,2020-05-30T04:24:08+0000,"₹ 75,00,000"
,,,,,
"2 BHK + Terrace Flats for Sale in Roadpali, Navi Mumbai","FREEHOLD PLOT | CC & CRZ CLEARANCE - Available | Payment Plan Available| Plot Size:- 3049.31 SQ. MTRS. | G+16 Floors Stand-alone Tower - 1Bhk, 2Bhk + T & 2Bhk Flats | TOTAL UNITS# 110.  CCTV • Car Parking • WI-FI • Clubhouse • Swimming Pool & Kids Pool • Landscape Garden at 2nd Floor • Children play area • Water Bodies and Fountains • Acupressure • Walk Area • Amphitheater • Indoor games Room • Party Lawn.  MAHA RERA: P52000/ 021378 and Possession Date -29/06/2024",Khandeshwar Navi Mumbai Maharashtra India,2 Bds - 2 Ba - 1705 ft2,2020-07-12T18:43:11+0000,"₹ 1,31,01,905"
,,,,,
affordable 3 bhk house sitapur road lucknow,"House for sale Chatthameel, behind maruti showroom , sitapur road,lko  plot size :- 25x40 north facing  3 bhk   less than 100 metres from main road  front road :- 30 feet wide  amenities available:-  submersible available  24*7 water and electricity supply  modular kitchen  waterproofing already done  schools , colleges , shopping complexes , hospitals , banks etc nearby  Near Seva hospital,brij ki rasoi,  Opposite Country Club,lko  # READY TO MOVE  # NEW CONSTRUCTION",Sitapur Road Lucknow Uttar Pradesh India,3 Bds - 3 Ba - 1250 ft2,2020-06-15T16:36:22+0000,"₹ 40,00,000"
,,,,,
Excllent  vasthu 4floors building,Group  house com duplex 3rdfloor with rental income 50000,GOKAVARAM Rajahmundry Andhra Pradesh India,4+ Bds - 4+ Ba - 800 ft2,2020-07-11T05:39:46+0000,"₹ 2,90,00,000"
,,,,,
₹ 6809700 Lakh all inclusive 2 BHK Home in Prasun sarvam at Kharadi.,Location advantages-  Zensar Technologies - 1.6KM WTC - 2.5KM EON - 2.9KM Weikfield IT Park- 4.5KM Magarpatta - 5.1KM Cerebrum It Park - 6.1KM Panchsil Tech Park - 6.7KM Business Bay - 6.7KM  Amenities  Lift  Security  Park  Gymnasium  Indoor Games Room  Kids Play Area  Flower Gardens  Piped Gas  Rain Water Harvesting  Multipurpose Courts  Waste Disposal  Earthquake resistant  + more  Bollywood Multiplex - 0.8KM PVR – Inorbit - 2.7KM PVR - Phoenix - 4.0KM Cinepolis- Seasons- 4.3KM Inox- Amanora Town Centre- 4.4KM Gold Adlabs - 4.8KM,Kharadi Pune Maharashtra India,2 Bds - 2 Ba - 993 ft2,2020-06-25T06:06:29+0000,"₹ 68,09,700"
,,,,,
LUXURIOUS ROW BUNGALOWS,LUXURIOUS beautiful houses,Wadarwadi Sambhaji Nagar Ahmadnagar Maharashtra India,2 Bds - 2 Ba - 900 ft2,2020-03-17T02:54:24+0000,"₹ 20,51,000"
,,,,,
"2 BHK Flats for Sale in Roadpali at Sai Proviso Sapphire, Navi Mumbai","FREEHOLD PLOT | CC & CRZ CLEARANCE - Available | Payment Plan Available| Plot Size:- 3049.31 SQ. MTRS. | G+16 Floors Stand-alone Tower - 1Bhk, 2Bhk + T & 2Bhk Flats | TOTAL UNITS# 110.  CCTV • Car Parking • WI-FI • Clubhouse • Swimming Pool & Kids Pool • Landscape Garden at 2nd Floor • Children play area • Water Bodies and Fountains • Acupressure • Walk Area • Amphitheater • Indoor games Room • Party Lawn.  MAHA RERA: P52000/ 021378 and Possession Date -29/06/2024",Kamothe Navi Mumbai Maharashtra India,2 Bds - 2 Ba - 1040 ft2,2020-07-12T18:28:39+0000,"₹ 80,54,602"
,,,,,
"Good Location -1 BHK  Flats  For Sale in  Kalyan West, Kalyan Nagari","Good Location -1 BHK  Flats  For Sale in  Kalyan West, Kalyan Nagari",Ashok Nagar Bhiwandi Maharashtra India,1 Bds - 1 Ba - 650 ft2,2020-06-24T11:38:30+0000,"₹ 33,00,125"
,,,,,
Hurry Book Now...3BHK Luxurios Falt- Vasna Bhayli  SWARNIM SAPPHIRE,"Note: 3 Side Open Flats  SAPPHIRE Gives You Breeze of Freedom and Excellence Designs With Spacious and Bright Living Areas, Along with Heighted Ceiling Will Enhance The Over All Aura Of The Space Aims Of Our Organisation Are People and Values. With No False Commitments To Make But We Takes Pride In Delivering What Is Promised. Go Ahead and make this Choice for Yourself. ""Come HOME to a Lively next door COMMUNITY  Amenities: 	• Gymnasium 	• 24/7 Water Supply 	• Landscape Garden 	• Children's Play Area 	• Lift(s) 	• Car Parking 	• Senior Citizen Sitout 	• Paved Compound 	• Waiting Lounge 	• Library 	• Earthquake Resistant 	• Multipurpose Hall 	• Yoga/Meditation Area 	• Indoor Games 	• Jogging Track 	• 24x7 Security 	• Club House  Specifications STRUCTURE Earthquake resistant RCC frame structure as per structure design.  FOORING Double Charged Vitrified flooring  KITCHEN Granite top platform with sS sink•• Decorative glazed tiles up to slab level  BATHROOM Designer Tiles up to lintel level with jaGuar / hindware/ cera or similar I quality c p fittings Sanitary ware: Kerovit/ hindware / cera or simiar brand PLUMBING Systematic Concealed UPVC PVC Plumbing  DOORS /WINDOWS Elegant entrance door & Internal laminated flush door with locks Marble / Granite Frame With Colour anodized aluminium 3 track section windows with mosquito net & safety grill  COLOUR  Internal smooth finish plaster With white putty & external plaster with weather proof paint.  Electrification Concealed good quality copper ISt within & branded modular switches TV point in living room & Master bedrooms: AC point in living and master bedrooms  All bathrooms with electric geyser point  Address: Swarnim Sapphire,  Opp. Saptak Rosette,  Opp. Essar Petrol Pump,  Near Waves Club,  Vasna Bhayli Road",Vasna  Bhayli Main Road Vadodara Gujarat India,3 Bds - 3 Ba - 1789 ft2,2020-06-13T05:31:53+0000,"₹ 37,71,000"
,,,,,
A gated community on faizabad road and many amenites,ROW HOUSE ON FAIZABAD ROAD,Faizabad Road Lucknow Uttar Pradesh India,2 Bds - 2 Ba - 930 ft2,2020-07-12T19:04:10+0000,"₹ 25,00,000"
,,,,,
"2BHK@Velimela,Pre-launch","2BHK Flat  For Sale  In Velimela, Hyderabad.*",Velimela Hyderabad Telangana India,2 Bds - 2 Ba - 1150 ft2,2020-07-12T19:03:56+0000,"₹ 29,00,000"
,,,,,
Beautifully constructed %3BHK % For Sale In Anamika Enclave Sec-12.,Beautifully constructed %3BHK % For Sale In Anamika Enclave Sec-12.,Sector 12 Gurgaon Haryana India,3 Bds - 3 Ba - 1200 ft2,2020-07-12T19:20:54+0000,"₹ 58,00,000"
,,,,,
Kumar house,Nessesery to mony,Mohakampur Dehradun Uttaranchal India,3 Bds - 2 Ba - 120 ft2,2020-07-12T19:19:34+0000,"₹ 40,00,000"
,,,,,
Sai Proviso Sapphire 1 BHK 490 Sq Ft Flats for Sale in Roadpali,"FREEHOLD PLOT | CC & CRZ CLEARANCE - Available | Payment Plan Available| Plot Size:- 3049.31 SQ. MTRS. | G+16 Floors Stand-alone Tower - 1Bhk, 2Bhk + T & 2Bhk Flats | TOTAL UNITS# 110.  CCTV • Car Parking • WI-FI • Clubhouse • Swimming Pool & Kids Pool • Landscape Garden at 2nd Floor • Children play area • Water Bodies and Fountains • Acupressure • Walk Area • Amphitheater • Indoor games Room • Party Lawn.  MAHA RERA: P52000/ 021378 and Possession Date -29/06/2024",Kamothe Navi Mumbai Maharashtra India,1 Bds - 1 Ba - 765 ft2,2020-07-12T18:58:08+0000,"₹ 59,51,085"
,,,,,
Sai Proviso Sapphire 1 BHK 490 Sq Ft Flats for Sale in Roadpali,"FREEHOLD PLOT | CC & CRZ CLEARANCE - Available | Payment Plan Available| Plot Size:- 3049.31 SQ. MTRS. | G+16 Floors Stand-alone Tower - 1Bhk, 2Bhk + T & 2Bhk Flats | TOTAL UNITS# 110.  CCTV • Car Parking • WI-FI • Clubhouse • Swimming Pool & Kids Pool • Landscape Garden at 2nd Floor • Children play area • Water Bodies and Fountains • Acupressure • Walk Area • Amphitheater • Indoor games Room • Party Lawn.  MAHA RERA: P52000/ 021378 and Possession Date -29/06/2024",Kamothe Navi Mumbai Maharashtra India,1 Bds - 1 Ba - 765 ft2,2020-07-12T18:58:08+0000,"₹ 59,51,120"
,,,,,
"2 BHK + Terrace Flats for Sale in Roadpali, Navi Mumbai","FREEHOLD PLOT | CC & CRZ CLEARANCE - Available | Payment Plan Available| Plot Size:- 3049.31 SQ. MTRS. | G+16 Floors Stand-alone Tower - 1Bhk, 2Bhk + T & 2Bhk Flats | TOTAL UNITS# 110.  CCTV • Car Parking • WI-FI • Clubhouse • Swimming Pool & Kids Pool • Landscape Garden at 2nd Floor • Children play area • Water Bodies and Fountains • Acupressure • Walk Area • Amphitheater • Indoor games Room • Party Lawn.  MAHA RERA: P52000/ 021378 and Possession Date -29/06/2024",Kamothe Navi Mumbai Maharashtra India,2 Bds - 2 Ba - 1705 ft2,2020-07-12T18:43:11+0000,"₹ 1,31,01,778"
,,,,,
"2 BHK + Terrace Flats for Sale in Roadpali, Navi Mumbai","FREEHOLD PLOT | CC & CRZ CLEARANCE - Available | Payment Plan Available| Plot Size:- 3049.31 SQ. MTRS. | G+16 Floors Stand-alone Tower - 1Bhk, 2Bhk + T & 2Bhk Flats | TOTAL UNITS# 110.  CCTV • Car Parking • WI-FI • Clubhouse • Swimming Pool & Kids Pool • Landscape Garden at 2nd Floor • Children play area • Water Bodies and Fountains • Acupressure • Walk Area • Amphitheater • Indoor games Room • Party Lawn.  MAHA RERA: P52000/ 021378 and Possession Date -29/06/2024",Kamothe Navi Mumbai Maharashtra India,2 Bds - 2 Ba - 1705 ft2,2020-07-12T18:43:11+0000,"₹ 1,31,01,651"
,,,,,
"2 BHK Flats for Sale in Roadpali at Sai Proviso Sapphire, Navi Mumbai","FREEHOLD PLOT | CC & CRZ CLEARANCE - Available | Payment Plan Available| Plot Size:- 3049.31 SQ. MTRS. | G+16 Floors Stand-alone Tower - 1Bhk, 2Bhk + T & 2Bhk Flats | TOTAL UNITS# 110.  CCTV • Car Parking • WI-FI • Clubhouse • Swimming Pool & Kids Pool • Landscape Garden at 2nd Floor • Children play area • Water Bodies and Fountains • Acupressure • Walk Area • Amphitheater • Indoor games Room • Party Lawn.  MAHA RERA: P52000/ 021378 and Possession Date -29/06/2024",Khandeshwar Navi Mumbai Maharashtra India,2 Bds - 2 Ba - 1040 ft2,2020-07-12T18:43:11+0000,"₹ 80,50,858"
,,,,,
"2 BHK + Terrace Flats for Sale in Roadpali, Navi Mumbai","FREEHOLD PLOT | CC & CRZ CLEARANCE - Available | Payment Plan Available| Plot Size:- 3049.31 SQ. MTRS. | G+16 Floors Stand-alone Tower - 1Bhk, 2Bhk + T & 2Bhk Flats | TOTAL UNITS# 110.  CCTV • Car Parking • WI-FI • Clubhouse • Swimming Pool & Kids Pool • Landscape Garden at 2nd Floor • Children play area • Water Bodies and Fountains • Acupressure • Walk Area • Amphitheater • Indoor games Room • Party Lawn.  MAHA RERA: P52000/ 021378 and Possession Date -29/06/2024",Roadpali Navi Mumbai Maharashtra India,2 Bds - 2 Ba - 1705 ft2,2020-07-12T18:43:11+0000,"₹ 1,31,01,524"
,,,,,
"2 BHK Flats for Sale in Roadpali at Sai Proviso Sapphire, Navi Mumbai","FREEHOLD PLOT | CC & CRZ CLEARANCE - Available | Payment Plan Available| Plot Size:- 3049.31 SQ. MTRS. | G+16 Floors Stand-alone Tower - 1Bhk, 2Bhk + T & 2Bhk Flats | TOTAL UNITS# 110.  CCTV • Car Parking • WI-FI • Clubhouse • Swimming Pool & Kids Pool • Landscape Garden at 2nd Floor • Children play area • Water Bodies and Fountains • Acupressure • Walk Area • Amphitheater • Indoor games Room • Party Lawn.  MAHA RERA: P52000/ 021378 and Possession Date -29/06/2024",Kamothe Navi Mumbai Maharashtra India,2 Bds - 2 Ba - 1040 ft2,2020-07-12T18:28:39+0000,"₹ 80,50,624"
,,,,,
"2 BHK Flats for Sale in Roadpali at Sai Proviso Sapphire, Navi Mumbai","FREEHOLD PLOT | CC & CRZ CLEARANCE - Available | Payment Plan Available| Plot Size:- 3049.31 SQ. MTRS. | G+16 Floors Stand-alone Tower - 1Bhk, 2Bhk + T & 2Bhk Flats | TOTAL UNITS# 110.  CCTV • Car Parking • WI-FI • Clubhouse • Swimming Pool & Kids Pool • Landscape Garden at 2nd Floor • Children play area • Water Bodies and Fountains • Acupressure • Walk Area • Amphitheater • Indoor games Room • Party Lawn.  MAHA RERA: P52000/ 021378 and Possession Date -29/06/2024",Kamothe Navi Mumbai Maharashtra India,2 Bds - 2 Ba - 1040 ft2,2020-07-12T18:28:39+0000,"₹ 80,50,780"
,,,,,
"10000 Kmc reservoir, car parking,floor,metro 5min.Kmc sanctioned plan.","3 storied independent house,700sqft/floor ,2bhk,extra boring facility,ac connection ready,market & Auto stand1min.front road 12ft, side road 20 ft.,Masterda Surya Sen metro & 6no.Rout,5 min.walking ,Area Bansdroni,p.s Regent park,KMC sanctioned, 3 years old. Ready to move.",Banshdroni Kolkata West Bengal India,4+ Bds - 3 Ba - 2100 ft2,2020-07-12T18:39:41+0000,"₹ 60,00,000"
,,,,,
New home Athirampuzha,10 cent 3 bedroom attached,Thavalakuzhy Ettumanoor Kerala India,3 Bds - 3 Ba - 1850 ft2,2020-07-12T18:39:02+0000,"₹ 78,00,000"
,,,,,
LIMITED FLATS ONLY : 25 LAKHS -- FULLY FURNISHED 3 BHK AT JAGATPURA,3 BHK FULLY FURNISHED FLAT @ JAGATPURA FOR 25 LACS ONLY!!  FOR ENQUIRIES: PLS CALL OR PING ME,Jagatpura Jaipur Rajasthan India,3 Bds - 2 Ba - 1370 ft2,2020-07-12T19:03:47+0000,"₹ 25,00,000"
,,,,,
"Double stored 3 BHK house for sale in chettupuzha ,Thrissur","Double stored 3BHK house in 2.5 cent for sale in chettupuzha ,Thrissur corporation area  100 meter from thrissur - kanjany main road 100 meter from ambakkattu moola center ,chettupuzha thrissur temple,church ,school,shops ,banks, etc,,, all are very nearby    Price Rs 28 Lakhs (negotiable) Contact Mr k j Babu    (Owner)   DOUBLE STORED 3BHK FULLY FURNISHED HOUSE FOR SALE IN CHETTUPUZHA , NEAR AMBAKKATU MOOLA CENTER , THRISSUR The property is situated in Chettupuzha, Thrissur. which is 5km from Thrissur town and 100meter from Amabakkatu Moola bus stop and kanjany Main Road. The house is double stored Three bed room, hall & furnished kitchen with covered parking for two& four wheelers. underground water storage tank with motor is available. Nice and calm residential place",Chettupuzha Thrissur Kerala India,3 Bds - 3 Ba - 1100 ft2,2020-07-12T19:19:19+0000,"₹ 28,00,000"
,,,,,
House on sale,"75 Gaz bna hua plot in Yashoda Nagar Near Uma upvan guest house 500mtr from Sanik Chauraha with 3 bedroom 1kitchen,2 bathroom with car parking.5500 Rent bhi ata hi.",Yashoda Nagar Kanpur Uttar Pradesh India,3 Bds - 2 Ba - 750 ft2,2020-07-12T19:18:36+0000,"₹ 27,50,000"
,,,,,
Sai Proviso Sapphire 1 BHK 490 Sq Ft Flats for Sale in Roadpali,"FREEHOLD PLOT | CC & CRZ CLEARANCE - Available | Payment Plan Available| Plot Size:- 3049.31 SQ. MTRS. | G+16 Floors Stand-alone Tower - 1Bhk, 2Bhk + T & 2Bhk Flats | TOTAL UNITS# 110.  CCTV • Car Parking • WI-FI • Clubhouse • Swimming Pool & Kids Pool • Landscape Garden at 2nd Floor • Children play area • Water Bodies and Fountains • Acupressure • Walk Area • Amphitheater • Indoor games Room • Party Lawn.  MAHA RERA: P52000/ 021378 and Possession Date -29/06/2024",Mansarovar Navi Mumbai Maharashtra India,1 Bds - 1 Ba - 765 ft2,2020-07-12T18:58:08+0000,"₹ 59,51,155"
,,,,,
Sai Proviso Sapphire 1 BHK 490 Sq Ft Flats for Sale in Roadpali,"FREEHOLD PLOT | CC & CRZ CLEARANCE - Available | Payment Plan Available| Plot Size:- 3049.31 SQ. MTRS. | G+16 Floors Stand-alone Tower - 1Bhk, 2Bhk + T & 2Bhk Flats | TOTAL UNITS# 110.  CCTV • Car Parking • WI-FI • Clubhouse • Swimming Pool & Kids Pool • Landscape Garden at 2nd Floor • Children play area • Water Bodies and Fountains • Acupressure • Walk Area • Amphitheater • Indoor games Room • Party Lawn.  MAHA RERA: P52000/ 021378 and Possession Date -29/06/2024",Roadpali Navi Mumbai Maharashtra India,1 Bds - 1 Ba - 765 ft2,2020-07-12T18:58:08+0000,"₹ 59,51,190"
,,,,,
"2 BHK + Terrace Flats for Sale in Roadpali, Navi Mumbai","FREEHOLD PLOT | CC & CRZ CLEARANCE - Available | Payment Plan Available| Plot Size:- 3049.31 SQ. MTRS. | G+16 Floors Stand-alone Tower - 1Bhk, 2Bhk + T & 2Bhk Flats | TOTAL UNITS# 110.  CCTV • Car Parking • WI-FI • Clubhouse • Swimming Pool & Kids Pool • Landscape Garden at 2nd Floor • Children play area • Water Bodies and Fountains • Acupressure • Walk Area • Amphitheater • Indoor games Room • Party Lawn.  MAHA RERA: P52000/ 021378 and Possession Date -29/06/2024",Kamothe Navi Mumbai Maharashtra India,2 Bds - 2 Ba - 1705 ft2,2020-07-12T18:43:11+0000,"₹ 1,31,01,524"
,,,,,
Sai Proviso Sapphire 1 BHK 490 Sq Ft Flats for Sale in Roadpali,"FREEHOLD PLOT | CC & CRZ CLEARANCE - Available | Payment Plan Available| Plot Size:- 3049.31 SQ. MTRS. | G+16 Floors Stand-alone Tower - 1Bhk, 2Bhk + T & 2Bhk Flats | TOTAL UNITS# 110.  CCTV • Car Parking • WI-FI • Clubhouse • Swimming Pool & Kids Pool • Landscape Garden at 2nd Floor • Children play area • Water Bodies and Fountains • Acupressure • Walk Area • Amphitheater • Indoor games Room • Party Lawn.  MAHA RERA: P52000/ 021378 and Possession Date -29/06/2024",Kharghar Navi Mumbai Maharashtra India,1 Bds - 1 Ba - 765 ft2,2020-07-12T18:43:11+0000,"₹ 59,50,840"
,,,,,
"2 BHK + Terrace Flats for Sale in Roadpali, Navi Mumbai","FREEHOLD PLOT | CC & CRZ CLEARANCE - Available | Payment Plan Available| Plot Size:- 3049.31 SQ. MTRS. | G+16 Floors Stand-alone Tower - 1Bhk, 2Bhk + T & 2Bhk Flats | TOTAL UNITS# 110.  CCTV • Car Parking • WI-FI • Clubhouse • Swimming Pool & Kids Pool • Landscape Garden at 2nd Floor • Children play area • Water Bodies and Fountains • Acupressure • Walk Area • Amphitheater • Indoor games Room • Party Lawn.  MAHA RERA: P52000/ 021378 and Possession Date -29/06/2024",Kamothe Navi Mumbai Maharashtra India,2 Bds - 2 Ba - 1705 ft2,2020-07-12T18:43:11+0000,"₹ 1,31,01,524"
,,,,,
"2 BHK + Terrace Flats for Sale in Roadpali, Navi Mumbai","FREEHOLD PLOT | CC & CRZ CLEARANCE - Available | Payment Plan Available| Plot Size:- 3049.31 SQ. MTRS. | G+16 Floors Stand-alone Tower - 1Bhk, 2Bhk + T & 2Bhk Flats | TOTAL UNITS# 110.  CCTV • Car Parking • WI-FI • Clubhouse • Swimming Pool & Kids Pool • Landscape Garden at 2nd Floor • Children play area • Water Bodies and Fountains • Acupressure • Walk Area • Amphitheater • Indoor games Room • Party Lawn.  MAHA RERA: P52000/ 021378 and Possession Date -29/06/2024",Roadpali Navi Mumbai Maharashtra India,2 Bds - 2 Ba - 1705 ft2,2020-07-12T18:43:11+0000,"₹ 1,31,01,524"
,,,,,
"2 BHK Flats for Sale in Roadpali at Sai Proviso Sapphire, Navi Mumbai","FREEHOLD PLOT | CC & CRZ CLEARANCE - Available | Payment Plan Available| Plot Size:- 3049.31 SQ. MTRS. | G+16 Floors Stand-alone Tower - 1Bhk, 2Bhk + T & 2Bhk Flats | TOTAL UNITS# 110.  CCTV • Car Parking • WI-FI • Clubhouse • Swimming Pool & Kids Pool • Landscape Garden at 2nd Floor • Children play area • Water Bodies and Fountains • Acupressure • Walk Area • Amphitheater • Indoor games Room • Party Lawn.  MAHA RERA: P52000/ 021378 and Possession Date -29/06/2024",Mansarovar Navi Mumbai Maharashtra India,2 Bds - 2 Ba - 1040 ft2,2020-07-12T18:28:39+0000,"₹ 78,01,870"
,,,,,
"1 BHK Flats for Sale in Roadpali at Sai Proviso Sapphire, Navi Mumbai","FREEHOLD PLOT | CC & CRZ CLEARANCE - Available | Payment Plan Available| Plot Size:- 3049.31 SQ. MTRS. | G+16 Floors Stand-alone Tower - 1Bhk, 2Bhk + T & 2Bhk Flats | TOTAL UNITS# 110.  CCTV • Car Parking • WI-FI • Clubhouse • Swimming Pool & Kids Pool • Landscape Garden at 2nd Floor • Children play area • Water Bodies and Fountains • Acupressure • Walk Area • Amphitheater • Indoor games Room • Party Lawn.  MAHA RERA: P52000/ 021378 and Possession Date -29/06/2024",Kamothe Navi Mumbai Maharashtra India,1 Bds - 1 Ba - 765 ft2,2020-07-12T18:28:38+0000,"₹ 59,50,525"
,,,,,
2 bhk flat,"This flat is at stile parking. This flat is near govt. hospital, hotel snazzy, century homes. Water supply by under ground water.",Mansarovar Extension Jaipur Rajasthan India,2 Bds - 2 Ba - 1000 ft2,2020-07-12T18:38:40+0000,"₹ 20,00,000"
,,,,,
Prestige Botanique – 2/3 BHK Apartments in Basavanagudi,Amenities BASIC Lift(s) Car Parking Gymnasium Club House Children's Play Area No 24/7 Water Supply No 24/7 Power Backup No Fire Fighting Systems No Intercom LIFESTYLE SPORTS & FITNESS Basketball Court Chess Jogging Track Squash Court Swimming Pool Table Tennis Toddler Pool Yoga/Meditation Area  ENTERTAINMENT & SOCIALIZING Amphitheatre Banquet Hall Business Lounge Card Room Carrom Jacuzzi Party Lawn Pool Table Sun Deck,Mavalli Bengaluru Karnataka India,2 Bds - 2 Ba - 1873 ft2,2020-07-12T18:37:48+0000,"₹ 2,40,00,000"
,,,,,
2bhk flat in deshbandhu para,2bhk and 3bhk flat available in deshbandhu para and laketown,Deshbandhu Para Siliguri West Bengal India,2 Bds - 2 Ba - 920 ft2,2020-07-12T19:00:09+0000,"₹ 22,00,000"
,,,,,
Luxury 2BHK and 3BHK flats,"Extraordinarily spacious 2BHK and 3BHK flat at affordable pricing. Situated at Makhamalabad RTO link road, near Vibgyor School, behind Market Yard, Makhamalabad, Nashik.  Grab your opportunity to get a spacious home at an affordable price in gudipadwa Offer.",Samarth Nagar Nashik Maharashtra India,2 Bds - 2 Ba - 1129 ft2,2020-07-12T18:59:51+0000,"₹ 33,87,000"
,,,,,
Sai Proviso Sapphire 1 BHK 490 Sq Ft Flats for Sale in Roadpali,"FREEHOLD PLOT | CC & CRZ CLEARANCE - Available | Payment Plan Available| Plot Size:- 3049.31 SQ. MTRS. | G+16 Floors Stand-alone Tower - 1Bhk, 2Bhk + T & 2Bhk Flats | TOTAL UNITS# 110.  CCTV • Car Parking • WI-FI • Clubhouse • Swimming Pool & Kids Pool • Landscape Garden at 2nd Floor • Children play area • Water Bodies and Fountains • Acupressure • Walk Area • Amphitheater • Indoor games Room • Party Lawn.  MAHA RERA: P52000/ 021378 and Possession Date -29/06/2024",Roadpali Navi Mumbai Maharashtra India,1 Bds - 1 Ba - 765 ft2,2020-07-12T18:58:09+0000,"₹ 59,52,275"
,,,,,
FOR SALE 2BHK,This is an east facing flat as per vastu open from 3 sides giving excellent ventilation.24 hrs sweet metro and bore water.silent residential area.Rates negotiable for genuine buyers,Vyasarpadi Chennai Tamil Nadu India,2 Bds - 2 Ba - 641 ft2,2020-07-12T19:16:42+0000,"₹ 42,00,000"
,,,,,
Flat for sale on 5th floor,Single bedroom flat with open 400sft veranda at suncity p&t colony near glendar school and aslo 2 bhk flat for sale in sale apartment on same floor and also lift facilitie available. (new construction),Engine Bowli Hyderabad Telangana India,1 Bds - 1 Ba - 800 ft2,2020-07-12T19:15:01+0000,"₹ 22,00,000"
,,,,,
Sai Proviso Sapphire 1 BHK 490 Sq Ft Flats for Sale in Roadpali,"FREEHOLD PLOT | CC & CRZ CLEARANCE - Available | Payment Plan Available| Plot Size:- 3049.31 SQ. MTRS. | G+16 Floors Stand-alone Tower - 1Bhk, 2Bhk + T & 2Bhk Flats | TOTAL UNITS# 110.  CCTV • Car Parking • WI-FI • Clubhouse • Swimming Pool & Kids Pool • Landscape Garden at 2nd Floor • Children play area • Water Bodies and Fountains • Acupressure • Walk Area • Amphitheater • Indoor games Room • Party Lawn.  MAHA RERA: P52000/ 021378 and Possession Date -29/06/2024",Mansarovar Navi Mumbai Maharashtra India,1 Bds - 1 Ba - 765 ft2,2020-07-12T18:58:08+0000,"₹ 59,51,260"
,,,,,
Sai Proviso Sapphire 1 BHK 490 Sq Ft Flats for Sale in Roadpali,"FREEHOLD PLOT | CC & CRZ CLEARANCE - Available | Payment Plan Available| Plot Size:- 3049.31 SQ. MTRS. | G+16 Floors Stand-alone Tower - 1Bhk, 2Bhk + T & 2Bhk Flats | TOTAL UNITS# 110.  CCTV • Car Parking • WI-FI • Clubhouse • Swimming Pool & Kids Pool • Landscape Garden at 2nd Floor • Children play area • Water Bodies and Fountains • Acupressure • Walk Area • Amphitheater • Indoor games Room • Party Lawn.  MAHA RERA: P52000/ 021378 and Possession Date -29/06/2024",Mansarovar Navi Mumbai Maharashtra India,1 Bds - 1 Ba - 765 ft2,2020-07-12T18:43:11+0000,"₹ 59,50,875"
,,,,,
Sai Proviso Sapphire 1 BHK 490 Sq Ft Flats for Sale in Roadpali,"FREEHOLD PLOT | CC & CRZ CLEARANCE - Available | Payment Plan Available| Plot Size:- 3049.31 SQ. MTRS. | G+16 Floors Stand-alone Tower - 1Bhk, 2Bhk + T & 2Bhk Flats | TOTAL UNITS# 110.  CCTV • Car Parking • WI-FI • Clubhouse • Swimming Pool & Kids Pool • Landscape Garden at 2nd Floor • Children play area • Water Bodies and Fountains • Acupressure • Walk Area • Amphitheater • Indoor games Room • Party Lawn.  MAHA RERA: P52000/ 021378 and Possession Date -29/06/2024",Kamothe Navi Mumbai Maharashtra India,1 Bds - 1 Ba - 765 ft2,2020-07-12T18:43:11+0000,"₹ 59,50,945"
,,,,,
Sai Proviso Sapphire 1 BHK 490 Sq Ft Flats for Sale in Roadpali,"FREEHOLD PLOT | CC & CRZ CLEARANCE - Available | Payment Plan Available| Plot Size:- 3049.31 SQ. MTRS. | G+16 Floors Stand-alone Tower - 1Bhk, 2Bhk + T & 2Bhk Flats | TOTAL UNITS# 110.  CCTV • Car Parking • WI-FI • Clubhouse • Swimming Pool & Kids Pool • Landscape Garden at 2nd Floor • Children play area • Water Bodies and Fountains • Acupressure • Walk Area • Amphitheater • Indoor games Room • Party Lawn.  MAHA RERA: P52000/ 021378 and Possession Date -29/06/2024",Roadpali Navi Mumbai Maharashtra India,1 Bds - 1 Ba - 765 ft2,2020-07-12T18:43:11+0000,"₹ 59,50,980"
,,,,,
"2 BHK + Terrace Flats for Sale in Roadpali, Navi Mumbai","FREEHOLD PLOT | CC & CRZ CLEARANCE - Available | Payment Plan Available| Plot Size:- 3049.31 SQ. MTRS. | G+16 Floors Stand-alone Tower - 1Bhk, 2Bhk + T & 2Bhk Flats | TOTAL UNITS# 110.  CCTV • Car Parking • WI-FI • Clubhouse • Swimming Pool & Kids Pool • Landscape Garden at 2nd Floor • Children play area • Water Bodies and Fountains • Acupressure • Walk Area • Amphitheater • Indoor games Room • Party Lawn.  MAHA RERA: P52000/ 021378 and Possession Date -29/06/2024",Kamothe Navi Mumbai Maharashtra India,2 Bds - 2 Ba - 1705 ft2,2020-07-12T18:43:11+0000,"₹ 1,31,00,889"
,,,,,
"2 BHK + Terrace Flats for Sale in Roadpali, Navi Mumbai","FREEHOLD PLOT | CC & CRZ CLEARANCE - Available | Payment Plan Available| Plot Size:- 3049.31 SQ. MTRS. | G+16 Floors Stand-alone Tower - 1Bhk, 2Bhk + T & 2Bhk Flats | TOTAL UNITS# 110.  CCTV • Car Parking • WI-FI • Clubhouse • Swimming Pool & Kids Pool • Landscape Garden at 2nd Floor • Children play area • Water Bodies and Fountains • Acupressure • Walk Area • Amphitheater • Indoor games Room • Party Lawn.  MAHA RERA: P52000/ 021378 and Possession Date -29/06/2024",Roadpali Navi Mumbai Maharashtra India,2 Bds - 2 Ba - 1705 ft2,2020-07-12T18:43:11+0000,"₹ 1,31,00,889"
,,,,,
"2 BHK + Terrace Flats for Sale in Roadpali, Navi Mumbai","FREEHOLD PLOT | CC & CRZ CLEARANCE - Available | Payment Plan Available| Plot Size:- 3049.31 SQ. MTRS. | G+16 Floors Stand-alone Tower - 1Bhk, 2Bhk + T & 2Bhk Flats | TOTAL UNITS# 110.  CCTV • Car Parking • WI-FI • Clubhouse • Swimming Pool & Kids Pool • Landscape Garden at 2nd Floor • Children play area • Water Bodies and Fountains • Acupressure • Walk Area • Amphitheater • Indoor games Room • Party Lawn.  MAHA RERA: P52000/ 021378 and Possession Date -29/06/2024",Kamothe Navi Mumbai Maharashtra India,2 Bds - 2 Ba - 1705 ft2,2020-07-12T18:43:11+0000,"₹ 1,31,00,889"
,,,,,
"1 BHK Flats for Sale in Roadpali at Sai Proviso Sapphire, Navi Mumbai","FREEHOLD PLOT | CC & CRZ CLEARANCE - Available | Payment Plan Available| Plot Size:- 3049.31 SQ. MTRS. | G+16 Floors Stand-alone Tower - 1Bhk, 2Bhk + T & 2Bhk Flats | TOTAL UNITS# 110.  CCTV • Car Parking • WI-FI • Clubhouse • Swimming Pool & Kids Pool • Landscape Garden at 2nd Floor • Children play area • Water Bodies and Fountains • Acupressure • Walk Area • Amphitheater • Indoor games Room • Party Lawn.  MAHA RERA: P52000/ 021378 and Possession Date -29/06/2024",Kharghar Navi Mumbai Maharashtra India,1 Bds - 1 Ba - 765 ft2,2020-07-12T18:28:38+0000,"₹ 59,50,035"
,,,,,
"1 BHK Flats for Sale in Roadpali at Sai Proviso Sapphire, Navi Mumbai","FREEHOLD PLOT | CC & CRZ CLEARANCE - Available | Payment Plan Available| Plot Size:- 3049.31 SQ. MTRS. | G+16 Floors Stand-alone Tower - 1Bhk, 2Bhk + T & 2Bhk Flats | TOTAL UNITS# 110.  CCTV • Car Parking • WI-FI • Clubhouse • Swimming Pool & Kids Pool • Landscape Garden at 2nd Floor • Children play area • Water Bodies and Fountains • Acupressure • Walk Area • Amphitheater • Indoor games Room • Party Lawn.  MAHA RERA: P52000/ 021378 and Possession Date -29/06/2024",Kharghar Navi Mumbai Maharashtra India,1 Bds - 1 Ba - 765 ft2,2020-07-12T18:28:38+0000,"₹ 59,50,070"
,,,,,
Ready to occupy 3 bhk 1450 sqft aluva choondy ettekaar church near,3 bhk 1450 sqft new build ready to occupy house for sale at aluva choondy ettekaar church near  3 bhk with bath attached   Home loan available up to 90%  5 km away from aluva   2.km away from rajagiri hospital   8.km aeay from kalamassery   All facilitties are very near   Price is negotiable   Call me for more details,Assissi Nagar Aluva Kerala India,3 Bds - 3 Ba - 1450 ft2,2020-07-12T18:37:41+0000,"₹ 46,00,000"
,,,,,
Makan kharidna he thatipur area me,Purchasing the house,Kabir Colony Gwalior Madhya Pradesh India,3 Bds - 2 Ba - 1000 ft2,2020-07-12T18:37:38+0000,"₹ 40,00,000"
,,,,,
2 BHK @ Shilaj,"Aashray Atulyam is a luxury property in Bopal area of Ahmedabad built over a total area of 1.09 acres. The floor plans on offer are 2 BHK+2T and 3BHK+3T. The carpet area is between 614 sq ft and 764 sq ft. The property has already been launched on July 2019. There are 156 apartments which have been launched. The possession is going to start from December 2022. The builders, Aashray Constructions, have declared the price of the apartments between INR 48 Lakhs and 62 Lakhs. The amenities available in the property premises are banquet hall, children's play area, club house, gymnasium, party hall, and Sewage Treatment Plant. The building materials are of premium quality with toilets having ceramic tiles and balconies having vitrified tiles. The exterior of the walls are coated with acrylic emulsion paint. The frame of the buildings is earthquake resistant frames. Home Loan for buying apartment in this property is also being provided. The nearest school and hospital from the property area is approximately 2 km away.",Shilaj Ahmedabad Gujarat India,2 Bds - 2 Ba - 1100 ft2,2020-07-12T18:37:38+0000,"₹ 46,31,750"
,,,,,
"Tribal property ready to sale, with 2 water line, near hat bazar","5 bed room home, tribal property, 4 toilet, 02 kitchen",Sailabas Kalimpong West Bengal India,4+ Bds - 4 Ba - 2000 ft2,2020-07-12T18:36:49+0000,"₹ 70,00,000"
,,,,,
Sai Proviso Sapphire 1 BHK 490 Sq Ft Flats for Sale in Roadpali,"FREEHOLD PLOT | CC & CRZ CLEARANCE - Available | Payment Plan Available| Plot Size:- 3049.31 SQ. MTRS. | G+16 Floors Stand-alone Tower - 1Bhk, 2Bhk + T & 2Bhk Flats | TOTAL UNITS# 110.  CCTV • Car Parking • WI-FI • Clubhouse • Swimming Pool & Kids Pool • Landscape Garden at 2nd Floor • Children play area • Water Bodies and Fountains • Acupressure • Walk Area • Amphitheater • Indoor games Room • Party Lawn.  MAHA RERA: P52000/ 021378 and Possession Date -29/06/2024",Kamothe Navi Mumbai Maharashtra India,1 Bds - 1 Ba - 765 ft2,2020-07-12T18:58:09+0000,"₹ 59,52,310"
,,,,,
Sai Proviso Sapphire 1 BHK 490 Sq Ft Flats for Sale in Roadpali,"FREEHOLD PLOT | CC & CRZ CLEARANCE - Available | Payment Plan Available| Plot Size:- 3049.31 SQ. MTRS. | G+16 Floors Stand-alone Tower - 1Bhk, 2Bhk + T & 2Bhk Flats | TOTAL UNITS# 110.  CCTV • Car Parking • WI-FI • Clubhouse • Swimming Pool & Kids Pool • Landscape Garden at 2nd Floor • Children play area • Water Bodies and Fountains • Acupressure • Walk Area • Amphitheater • Indoor games Room • Party Lawn.  MAHA RERA: P52000/ 021378 and Possession Date -29/06/2024",Kharghar Navi Mumbai Maharashtra India,1 Bds - 1 Ba - 765 ft2,2020-07-12T18:58:09+0000,"₹ 59,52,345"
,,,,,
Sai Proviso Sapphire 1 BHK 490 Sq Ft Flats for Sale in Roadpali,"FREEHOLD PLOT | CC & CRZ CLEARANCE - Available | Payment Plan Available| Plot Size:- 3049.31 SQ. MTRS. | G+16 Floors Stand-alone Tower - 1Bhk, 2Bhk + T & 2Bhk Flats | TOTAL UNITS# 110.  CCTV • Car Parking • WI-FI • Clubhouse • Swimming Pool & Kids Pool • Landscape Garden at 2nd Floor • Children play area • Water Bodies and Fountains • Acupressure • Walk Area • Amphitheater • Indoor games Room • Party Lawn.  MAHA RERA: P52000/ 021378 and Possession Date -29/06/2024",Mansarovar Navi Mumbai Maharashtra India,1 Bds - 1 Ba - 765 ft2,2020-07-12T18:58:09+0000,"₹ 59,52,380"
,,,,,
Sai Proviso Sapphire 1 BHK 490 Sq Ft Flats for Sale in Roadpali,"FREEHOLD PLOT | CC & CRZ CLEARANCE - Available | Payment Plan Available| Plot Size:- 3049.31 SQ. MTRS. | G+16 Floors Stand-alone Tower - 1Bhk, 2Bhk + T & 2Bhk Flats | TOTAL UNITS# 110.  CCTV • Car Parking • WI-FI • Clubhouse • Swimming Pool & Kids Pool • Landscape Garden at 2nd Floor • Children play area • Water Bodies and Fountains • Acupressure • Walk Area • Amphitheater • Indoor games Room • Party Lawn.  MAHA RERA: P52000/ 021378 and Possession Date -29/06/2024",Mansarovar Navi Mumbai Maharashtra India,1 Bds - 1 Ba - 765 ft2,2020-07-12T18:58:09+0000,"₹ 59,52,415"
,,,,,
Sai Proviso Sapphire 1 BHK 490 Sq Ft Flats for Sale in Roadpali,"FREEHOLD PLOT | CC & CRZ CLEARANCE - Available | Payment Plan Available| Plot Size:- 3049.31 SQ. MTRS. | G+16 Floors Stand-alone Tower - 1Bhk, 2Bhk + T & 2Bhk Flats | TOTAL UNITS# 110.  CCTV • Car Parking • WI-FI • Clubhouse • Swimming Pool & Kids Pool • Landscape Garden at 2nd Floor • Children play area • Water Bodies and Fountains • Acupressure • Walk Area • Amphitheater • Indoor games Room • Party Lawn.  MAHA RERA: P52000/ 021378 and Possession Date -29/06/2024",Khandeshwar Navi Mumbai Maharashtra India,1 Bds - 1 Ba - 765 ft2,2020-07-12T18:58:08+0000,"₹ 59,51,330"
,,,,,
Sai Proviso Sapphire 1 BHK 490 Sq Ft Flats for Sale in Roadpali,"FREEHOLD PLOT | CC & CRZ CLEARANCE - Available | Payment Plan Available| Plot Size:- 3049.31 SQ. MTRS. | G+16 Floors Stand-alone Tower - 1Bhk, 2Bhk + T & 2Bhk Flats | TOTAL UNITS# 110.  CCTV • Car Parking • WI-FI • Clubhouse • Swimming Pool & Kids Pool • Landscape Garden at 2nd Floor • Children play area • Water Bodies and Fountains • Acupressure • Walk Area • Amphitheater • Indoor games Room • Party Lawn.  MAHA RERA: P52000/ 021378 and Possession Date -29/06/2024",Kamothe Navi Mumbai Maharashtra India,1 Bds - 1 Ba - 765 ft2,2020-07-12T18:58:08+0000,"₹ 59,52,030"
,,,,,
Sai Proviso Sapphire 1 BHK 490 Sq Ft Flats for Sale in Roadpali,"FREEHOLD PLOT | CC & CRZ CLEARANCE - Available | Payment Plan Available| Plot Size:- 3049.31 SQ. MTRS. | G+16 Floors Stand-alone Tower - 1Bhk, 2Bhk + T & 2Bhk Flats | TOTAL UNITS# 110.  CCTV • Car Parking • WI-FI • Clubhouse • Swimming Pool & Kids Pool • Landscape Garden at 2nd Floor • Children play area • Water Bodies and Fountains • Acupressure • Walk Area • Amphitheater • Indoor games Room • Party Lawn.  MAHA RERA: P52000/ 021378 and Possession Date -29/06/2024",Kharghar Navi Mumbai Maharashtra India,1 Bds - 1 Ba - 765 ft2,2020-07-12T18:58:08+0000,"₹ 59,51,365"
,,,,,
Sai Proviso Sapphire 1 BHK 490 Sq Ft Flats for Sale in Roadpali,"FREEHOLD PLOT | CC & CRZ CLEARANCE - Available | Payment Plan Available| Plot Size:- 3049.31 SQ. MTRS. | G+16 Floors Stand-alone Tower - 1Bhk, 2Bhk + T & 2Bhk Flats | TOTAL UNITS# 110.  CCTV • Car Parking • WI-FI • Clubhouse • Swimming Pool & Kids Pool • Landscape Garden at 2nd Floor • Children play area • Water Bodies and Fountains • Acupressure • Walk Area • Amphitheater • Indoor games Room • Party Lawn.  MAHA RERA: P52000/ 021378 and Possession Date -29/06/2024",Kamothe Navi Mumbai Maharashtra India,1 Bds - 1 Ba - 765 ft2,2020-07-12T18:58:08+0000,"₹ 59,52,065"
,,,,,
Sai Proviso Sapphire 1 BHK 490 Sq Ft Flats for Sale in Roadpali,"FREEHOLD PLOT | CC & CRZ CLEARANCE - Available | Payment Plan Available| Plot Size:- 3049.31 SQ. MTRS. | G+16 Floors Stand-alone Tower - 1Bhk, 2Bhk + T & 2Bhk Flats | TOTAL UNITS# 110.  CCTV • Car Parking • WI-FI • Clubhouse • Swimming Pool & Kids Pool • Landscape Garden at 2nd Floor • Children play area • Water Bodies and Fountains • Acupressure • Walk Area • Amphitheater • Indoor games Room • Party Lawn.  MAHA RERA: P52000/ 021378 and Possession Date -29/06/2024",Khandeshwar Navi Mumbai Maharashtra India,1 Bds - 1 Ba - 765 ft2,2020-07-12T18:58:08+0000,"₹ 59,51,400"
,,,,,
Sai Proviso Sapphire 1 BHK 490 Sq Ft Flats for Sale in Roadpali,"FREEHOLD PLOT | CC & CRZ CLEARANCE - Available | Payment Plan Available| Plot Size:- 3049.31 SQ. MTRS. | G+16 Floors Stand-alone Tower - 1Bhk, 2Bhk + T & 2Bhk Flats | TOTAL UNITS# 110.  CCTV • Car Parking • WI-FI • Clubhouse • Swimming Pool & Kids Pool • Landscape Garden at 2nd Floor • Children play area • Water Bodies and Fountains • Acupressure • Walk Area • Amphitheater • Indoor games Room • Party Lawn.  MAHA RERA: P52000/ 021378 and Possession Date -29/06/2024",Khandeshwar Navi Mumbai Maharashtra India,1 Bds - 1 Ba - 765 ft2,2020-07-12T18:43:11+0000,"₹ 59,51,015"
,,,,,
Prestige Hermitage – 4 BHK Luxury Apartments in Ulsoor,"Located in prominent location, Well maintained apartment, Close to main road, Walking distance to Bank, ATM, Restaurant, Bus Stop, Shopping Mall,",MG Road Bengaluru Karnataka India,4 Bds - 4 Ba - 7481 ft2,2020-07-12T18:42:56+0000,"₹ 17,50,00,000"
,,,,,
New house for sale,New house . Fully maintained,Kaichoondy Alappuzha Kerala India,,2020-07-12T18:42:18+0000,"₹ 55,00,000"
,,,,,
"2 BHK + Terrace Flats for Sale in Roadpali, Navi Mumbai","FREEHOLD PLOT | CC & CRZ CLEARANCE - Available | Payment Plan Available| Plot Size:- 3049.31 SQ. MTRS. | G+16 Floors Stand-alone Tower - 1Bhk, 2Bhk + T & 2Bhk Flats | TOTAL UNITS# 110.  CCTV • Car Parking • WI-FI • Clubhouse • Swimming Pool & Kids Pool • Landscape Garden at 2nd Floor • Children play area • Water Bodies and Fountains • Acupressure • Walk Area • Amphitheater • Indoor games Room • Party Lawn.  MAHA RERA: P52000/ 021378 and Possession Date -29/06/2024",Roadpali Navi Mumbai Maharashtra India,2 Bds - 2 Ba - 1705 ft2,2020-07-12T18:43:11+0000,"₹ 1,31,00,889"
,,,,,
"2 BHK + Terrace Flats for Sale in Roadpali, Navi Mumbai","FREEHOLD PLOT | CC & CRZ CLEARANCE - Available | Payment Plan Available| Plot Size:- 3049.31 SQ. MTRS. | G+16 Floors Stand-alone Tower - 1Bhk, 2Bhk + T & 2Bhk Flats | TOTAL UNITS# 110.  CCTV • Car Parking • WI-FI • Clubhouse • Swimming Pool & Kids Pool • Landscape Garden at 2nd Floor • Children play area • Water Bodies and Fountains • Acupressure • Walk Area • Amphitheater • Indoor games Room • Party Lawn.  MAHA RERA: P52000/ 021378 and Possession Date -29/06/2024",Khandeshwar Navi Mumbai Maharashtra India,2 Bds - 2 Ba - 1705 ft2,2020-07-12T18:43:11+0000,"₹ 1,31,00,889"
,,,,,
"2 BHK + Terrace Flats for Sale in Roadpali, Navi Mumbai","FREEHOLD PLOT | CC & CRZ CLEARANCE - Available | Payment Plan Available| Plot Size:- 3049.31 SQ. MTRS. | G+16 Floors Stand-alone Tower - 1Bhk, 2Bhk + T & 2Bhk Flats | TOTAL UNITS# 110.  CCTV • Car Parking • WI-FI • Clubhouse • Swimming Pool & Kids Pool • Landscape Garden at 2nd Floor • Children play area • Water Bodies and Fountains • Acupressure • Walk Area • Amphitheater • Indoor games Room • Party Lawn.  MAHA RERA: P52000/ 021378 and Possession Date -29/06/2024",Roadpali Navi Mumbai Maharashtra India,2 Bds - 2 Ba - 1705 ft2,2020-07-12T18:43:11+0000,"₹ 1,31,00,889"
,,,,,
"2 BHK + Terrace Flats for Sale in Roadpali, Navi Mumbai","FREEHOLD PLOT | CC & CRZ CLEARANCE - Available | Payment Plan Available| Plot Size:- 3049.31 SQ. MTRS. | G+16 Floors Stand-alone Tower - 1Bhk, 2Bhk + T & 2Bhk Flats | TOTAL UNITS# 110.  CCTV • Car Parking • WI-FI • Clubhouse • Swimming Pool & Kids Pool • Landscape Garden at 2nd Floor • Children play area • Water Bodies and Fountains • Acupressure • Walk Area • Amphitheater • Indoor games Room • Party Lawn.  MAHA RERA: P52000/ 021378 and Possession Date -29/06/2024",Roadpali Navi Mumbai Maharashtra India,2 Bds - 2 Ba - 1705 ft2,2020-07-12T18:43:11+0000,"₹ 1,31,00,889"
,,,,,
House is situated beside the pwd road in Karimganj Town,House is ready to sell,Banamali Part 1 Karimganj Assam India,4+ Bds - 3 Ba - 1900 ft2,2020-07-12T18:28:34+0000,"₹ 55,00,000"
,,,,,
2BHK & 3BHK flats with Seaview & high-end facilities for Sale.,"Project located near Tata Housing, Dabolim  Vasco.  2bhk starts from 58lacs onwards 3bhk starts from 90lacs onwards.   We are not charging any brokerage from Buyers for this project. Will provide you hot deals in this project.   Interested parties contact us.  Dreamz Realty Goa.",Dabolim Vasco Da Gama Goa India,2 Bds - 2 Ba - 120 ft2,2020-07-12T18:28:27+0000,"₹ 58,00,000"
,,,,,
THIRUNINRAVUR INDIVIDUAL HOUSE FOR SALE WITH CP,"FAST GROWING CHENNAI SUBURBAN AREA 1 KMS FROM RAILWAY STATION  JUST 0,5 KMS FROM FAST GROWING OUTER RING ROAD 400FEET   CMDA APPROVED  NEAR TO INDUSTRIAL ESTATES   SHARE AUTO TRANSPORT   MODEL HOUSE READY TO VIEW LOAN ARRANGED FULLY RESIDENTIAL AREA CMDA APPROVED ALND AND BUILDING GOOD GROUND WATER GOOD QUALITY CONSTRUCTION NEAR BY SCHOOLS AND COLLEGES 1& 2 bhk   EXPANDABLE  CAR PARK SEPRATE BORE  THREE PHASE EB CONNECTION TAR TOP ROAD",Thirunindravur Chennai Tamil Nadu India,3 Bds - 3 Ba - 1280 ft2,2020-07-12T18:27:12+0000,"₹ 72,40,000"
,,,,,
AMBATTUR FLAT FOR SALE 2BHK WITH CP,JUST 2 KM     FROM MAIN ROAD ESTATE BUS STOP  TNEB COLONY SHARE AUTO TRANSPORT  LIFT FACILITY  MODEL HOUSE READY TO VIEW CMDA APPROVED LOAN ARRANGED FULLY RESIDENTIAL AREA CMDA APPROVED ALND AND BUILDING GOOD GROUND WATER GOOD QUALITY CONSTRUCTION NEAR BY SCHOOLS AND COLLEGES 1 AND 2 BHK CAR PARKING,Ambattur Chennai Tamil Nadu India,2 Bds - 2 Ba - 605 ft2,2020-07-12T18:27:12+0000,"₹ 32,64,500"
,,,,,
New buliding for sale buying and selling senthil-loan available,New house @35 lakh onwards seven six three tirple nine four three four one buying and selling @ Krishnagiri,Church Town New Housing Colony Phase 2 Krishnagiri Tamil Nadu India,2 Bds - 2 Ba - 1500 ft2,2020-07-12T18:35:34+0000,"₹ 36,00,000"
,,,,,
"Bhada chitthi (paghadi) vadu makan 180 var, Sarvaiya seri,Gondal",3 bhk house with 1620 sq ft,Sarvaya Gondal Gujarat India,3 Bds - 1 Ba - 1000 ft2,2020-07-12T18:34:46+0000,"₹ 18,00,000"
,,,,,
4 cent 1600 sqft 3 bhk new build house at aluva near west kadungallur,3 bhk 1600 sqft 4 cent new build house for sale at aluva near west kadungallur  3 bhk with bath attached   Home loan available up to 90%   Walkable distance from bus stop and kadungallur junction    Good area   2 car parking space   All facilitties are very near    Call me for more details,Bank Junction Aluva Kerala India,3 Bds - 3 Ba - 1600 ft2,2020-07-12T18:34:28+0000,"₹ 48,00,000"
,,,,,
Prestige Botanique – 2/3 BHK Apartments in Basavanagudi,Amenities BASIC Lift(s) Car Parking Gymnasium Club House Children's Play Area No 24/7 Water Supply No 24/7 Power Backup No Fire Fighting Systems No Intercom LIFESTYLE SPORTS & FITNESS Basketball Court Chess Jogging Track Squash Court Swimming Pool Table Tennis Toddler Pool Yoga/Meditation Area  ENTERTAINMENT & SOCIALIZING Amphitheatre Banquet Hall Business Lounge Card Room Carrom Jacuzzi Party Lawn Pool Table Sun Deck  CONVENIENCE & SECURITY 24x7 Security Earthquake Resistant Gated Community High Speed Elevators SERVICES Grocery Shop Library Restaurant,Mavalli Bengaluru Karnataka India,3 Bds - 3 Ba - 2473 ft2,2020-07-12T18:34:08+0000,"₹ 3,17,00,000"
,,,,,
"For sale , 780 sq ft old house near Thambu CHETTY","For sale , 780 sq ft old house , at muthiyalpet area.  Front 26 ft Length 30 ft Road 15 ft East facing  60 years old building  No brokers , pls excuse us",Parrys George Town Chennai Tamil Nadu India,1 Bds - 1 Ba - 780 ft2,2020-07-12T18:31:37+0000,"₹ 75,00,000"
,,,,,
Sai Proviso Sapphire 1 BHK 490 Sq Ft Flats for Sale in Roadpali,"FREEHOLD PLOT | CC & CRZ CLEARANCE - Available | Payment Plan Available| Plot Size:- 3049.31 SQ. MTRS. | G+16 Floors Stand-alone Tower - 1Bhk, 2Bhk + T & 2Bhk Flats | TOTAL UNITS# 110.  CCTV • Car Parking • WI-FI • Clubhouse • Swimming Pool & Kids Pool • Landscape Garden at 2nd Floor • Children play area • Water Bodies and Fountains • Acupressure • Walk Area • Amphitheater • Indoor games Room • Party Lawn.  MAHA RERA: P52000/ 021378 and Possession Date -29/06/2024",Mansarovar Navi Mumbai Maharashtra India,1 Bds - 1 Ba - 765 ft2,2020-07-12T18:58:09+0000,"₹ 59,52,450"
,,,,,
Sai Proviso Sapphire 1 BHK 490 Sq Ft Flats for Sale in Roadpali,"FREEHOLD PLOT | CC & CRZ CLEARANCE - Available | Payment Plan Available| Plot Size:- 3049.31 SQ. MTRS. | G+16 Floors Stand-alone Tower - 1Bhk, 2Bhk + T & 2Bhk Flats | TOTAL UNITS# 110.  CCTV • Car Parking • WI-FI • Clubhouse • Swimming Pool & Kids Pool • Landscape Garden at 2nd Floor • Children play area • Water Bodies and Fountains • Acupressure • Walk Area • Amphitheater • Indoor games Room • Party Lawn.  MAHA RERA: P52000/ 021378 and Possession Date -29/06/2024",Khandeshwar Navi Mumbai Maharashtra India,1 Bds - 1 Ba - 765 ft2,2020-07-12T18:58:09+0000,"₹ 59,52,485"
,,,,,
Sai Proviso Sapphire 1 BHK 490 Sq Ft Flats for Sale in Roadpali,"FREEHOLD PLOT | CC & CRZ CLEARANCE - Available | Payment Plan Available| Plot Size:- 3049.31 SQ. MTRS. | G+16 Floors Stand-alone Tower - 1Bhk, 2Bhk + T & 2Bhk Flats | TOTAL UNITS# 110.  CCTV • Car Parking • WI-FI • Clubhouse • Swimming Pool & Kids Pool • Landscape Garden at 2nd Floor • Children play area • Water Bodies and Fountains • Acupressure • Walk Area • Amphitheater • Indoor games Room • Party Lawn.  MAHA RERA: P52000/ 021378 and Possession Date -29/06/2024",Kharghar Navi Mumbai Maharashtra India,1 Bds - 1 Ba - 765 ft2,2020-07-12T18:58:09+0000,"₹ 59,52,520"
,,,,,
Sai Proviso Sapphire 1 BHK 490 Sq Ft Flats for Sale in Roadpali,"FREEHOLD PLOT | CC & CRZ CLEARANCE - Available | Payment Plan Available| Plot Size:- 3049.31 SQ. MTRS. | G+16 Floors Stand-alone Tower - 1Bhk, 2Bhk + T & 2Bhk Flats | TOTAL UNITS# 110.  CCTV • Car Parking • WI-FI • Clubhouse • Swimming Pool & Kids Pool • Landscape Garden at 2nd Floor • Children play area • Water Bodies and Fountains • Acupressure • Walk Area • Amphitheater • Indoor games Room • Party Lawn.  MAHA RERA: P52000/ 021378 and Possession Date -29/06/2024",Roadpali Navi Mumbai Maharashtra India,1 Bds - 1 Ba - 765 ft2,2020-07-12T18:58:08+0000,"₹ 59,51,435"
,,,,,
Sai Proviso Sapphire 1 BHK 490 Sq Ft Flats for Sale in Roadpali,"FREEHOLD PLOT | CC & CRZ CLEARANCE - Available | Payment Plan Available| Plot Size:- 3049.31 SQ. MTRS. | G+16 Floors Stand-alone Tower - 1Bhk, 2Bhk + T & 2Bhk Flats | TOTAL UNITS# 110.  CCTV • Car Parking • WI-FI • Clubhouse • Swimming Pool & Kids Pool • Landscape Garden at 2nd Floor • Children play area • Water Bodies and Fountains • Acupressure • Walk Area • Amphitheater • Indoor games Room • Party Lawn.  MAHA RERA: P52000/ 021378 and Possession Date -29/06/2024",Kamothe Navi Mumbai Maharashtra India,1 Bds - 1 Ba - 765 ft2,2020-07-12T18:58:08+0000,"₹ 59,52,100"
,,,,,
Sai Proviso Sapphire 1 BHK 490 Sq Ft Flats for Sale in Roadpali,"FREEHOLD PLOT | CC & CRZ CLEARANCE - Available | Payment Plan Available| Plot Size:- 3049.31 SQ. MTRS. | G+16 Floors Stand-alone Tower - 1Bhk, 2Bhk + T & 2Bhk Flats | TOTAL UNITS# 110.  CCTV • Car Parking • WI-FI • Clubhouse • Swimming Pool & Kids Pool • Landscape Garden at 2nd Floor • Children play area • Water Bodies and Fountains • Acupressure • Walk Area • Amphitheater • Indoor games Room • Party Lawn.  MAHA RERA: P52000/ 021378 and Possession Date -29/06/2024",Khandeshwar Navi Mumbai Maharashtra India,1 Bds - 1 Ba - 765 ft2,2020-07-12T18:58:08+0000,"₹ 59,52,135"
,,,,,
Sai Proviso Sapphire 1 BHK 490 Sq Ft Flats for Sale in Roadpali,"FREEHOLD PLOT | CC & CRZ CLEARANCE - Available | Payment Plan Available| Plot Size:- 3049.31 SQ. MTRS. | G+16 Floors Stand-alone Tower - 1Bhk, 2Bhk + T & 2Bhk Flats | TOTAL UNITS# 110.  CCTV • Car Parking • WI-FI • Clubhouse • Swimming Pool & Kids Pool • Landscape Garden at 2nd Floor • Children play area • Water Bodies and Fountains • Acupressure • Walk Area • Amphitheater • Indoor games Room • Party Lawn.  MAHA RERA: P52000/ 021378 and Possession Date -29/06/2024",Kharghar Navi Mumbai Maharashtra India,1 Bds - 1 Ba - 765 ft2,2020-07-12T18:58:08+0000,"₹ 59,52,170"
,,,,,
Sai Proviso Sapphire 1 BHK 490 Sq Ft Flats for Sale in Roadpali,"FREEHOLD PLOT | CC & CRZ CLEARANCE - Available | Payment Plan Available| Plot Size:- 3049.31 SQ. MTRS. | G+16 Floors Stand-alone Tower - 1Bhk, 2Bhk + T & 2Bhk Flats | TOTAL UNITS# 110.  CCTV • Car Parking • WI-FI • Clubhouse • Swimming Pool & Kids Pool • Landscape Garden at 2nd Floor • Children play area • Water Bodies and Fountains • Acupressure • Walk Area • Amphitheater • Indoor games Room • Party Lawn.  MAHA RERA: P52000/ 021378 and Possession Date -29/06/2024",Kharghar Navi Mumbai Maharashtra India,1 Bds - 1 Ba - 765 ft2,2020-07-12T18:58:08+0000,"₹ 59,52,205"
,,,,,
Luxury 4BHK Villas@Velimela,Pre-Launch sale:High-end Premium 4BHK villas gated community with all amenities at upcoming area Velimela-Kollur. 250 Sq.Yrds with 3245 Sft,Velimela Hyderabad Telangana India,4 Bds - 4 Ba - 3245 ft2,2020-07-12T18:41:22+0000,"₹ 1,35,00,000"
,,,,,
600 sq feet house 20×30,Lena hai to call ya message kare or Aakar Ghar bhi dekh le pura house ready to move or complete hai,Chhota Bangarda Indore Madhya Pradesh India,2 Bds - 2 Ba - 600 ft2,2020-07-12T18:41:22+0000,"₹ 14,50,000"
,,,,,
3 bhk 1500 sqft new build  at kakkanad pukkattupady road kunjattukara,3 bhk 1600 sqft 3.3 cent new build house for sale at kakkanad pukattupay road kunjattukara   3 bhk with bath attached   Home loan available up to 90%   Neat area   All facilities are very near   Price negotiable   Call me for more details,Kakkanad Kochi Kerala India,3 Bds - 3 Ba - 1600 ft2,2020-07-12T18:41:17+0000,"₹ 48,00,000"
,,,,,
2bhk 68 gaj 19 lac only,2bhk builder floor  2 bedrooms 2 washrooms Latest interior Fresh construction Ready to move  Home loan,Om Vihar Delhi Delhi India,2 Bds - 2 Ba - 620 ft2,2020-07-12T18:40:19+0000,"₹ 19,00,000"
,,,,,
2bhk 68 gaj with roof right 19 lac,2bhk builder floor 2 bedrooms 2 washrooms New construction Ready to move  Home loan upto 90 Percent,Uttam Nagar Delhi Delhi India,2 Bds - 2 Ba - 620 ft2,2020-07-12T18:40:19+0000,"₹ 19,00,000"
,,,,,
"2 BHK + Terrace Flats for Sale in Roadpali, Navi Mumbai","FREEHOLD PLOT | CC & CRZ CLEARANCE - Available | Payment Plan Available| Plot Size:- 3049.31 SQ. MTRS. | G+16 Floors Stand-alone Tower - 1Bhk, 2Bhk + T & 2Bhk Flats | TOTAL UNITS# 110.  CCTV • Car Parking • WI-FI • Clubhouse • Swimming Pool & Kids Pool • Landscape Garden at 2nd Floor • Children play area • Water Bodies and Fountains • Acupressure • Walk Area • Amphitheater • Indoor games Room • Party Lawn.  MAHA RERA: P52000/ 021378 and Possession Date -29/06/2024",Kamothe Navi Mumbai Maharashtra India,2 Bds - 2 Ba - 1705 ft2,2020-07-12T18:43:11+0000,"₹ 1,31,00,889"
,,,,,
"2 BHK + Terrace Flats for Sale in Roadpali, Navi Mumbai","FREEHOLD PLOT | CC & CRZ CLEARANCE - Available | Payment Plan Available| Plot Size:- 3049.31 SQ. MTRS. | G+16 Floors Stand-alone Tower - 1Bhk, 2Bhk + T & 2Bhk Flats | TOTAL UNITS# 110.  CCTV • Car Parking • WI-FI • Clubhouse • Swimming Pool & Kids Pool • Landscape Garden at 2nd Floor • Children play area • Water Bodies and Fountains • Acupressure • Walk Area • Amphitheater • Indoor games Room • Party Lawn.  MAHA RERA: P52000/ 021378 and Possession Date -29/06/2024",Roadpali Navi Mumbai Maharashtra India,2 Bds - 2 Ba - 1705 ft2,2020-07-12T18:43:11+0000,"₹ 1,31,00,889"
,,,,,
"2 BHK + Terrace Flats for Sale in Roadpali, Navi Mumbai","FREEHOLD PLOT | CC & CRZ CLEARANCE - Available | Payment Plan Available| Plot Size:- 3049.31 SQ. MTRS. | G+16 Floors Stand-alone Tower - 1Bhk, 2Bhk + T & 2Bhk Flats | TOTAL UNITS# 110.  CCTV • Car Parking • WI-FI • Clubhouse • Swimming Pool & Kids Pool • Landscape Garden at 2nd Floor • Children play area • Water Bodies and Fountains • Acupressure • Walk Area • Amphitheater • Indoor games Room • Party Lawn.  MAHA RERA: P52000/ 021378 and Possession Date -29/06/2024",Kharghar Navi Mumbai Maharashtra India,2 Bds - 2 Ba - 1705 ft2,2020-07-12T18:43:11+0000,"₹ 1,31,00,889"
,,,,,
Ready to move 3/4 BHK Apartments in Frazer Town,Amenities BASIC Lift(s) Car Parking Gymnasium Club House Children's Play Area No 24/7 Water Supply No 24/7 Power Backup No Fire Fighting Systems No Intercom LIFESTYLE SPORTS & FITNESS Basketball Court Chess Jogging Track Squash Court Swimming Pool Table Tennis Toddler Pool Yoga/Meditation Area  ENTERTAINMENT & SOCIALIZING Amphitheatre Banquet Hall Business Lounge Card Room Carrom Jacuzzi Party Lawn Pool Table Sun Deck  CONVENIENCE & SECURITY 24x7 Security Earthquake Resistant Gated Community High Speed Elevators SERVICES Grocery Shop Library Restaurant,Fraser town Bengaluru Karnataka India,3 Bds - 3 Ba - 2775 ft2,2020-07-12T18:31:06+0000,"₹ 3,60,00,000"
,,,,,
Hk house near baramati,"1 hk house in near by baramati city ( gunawadi. Pautka nagar) tiles work pending with borewell total area 1250 sq fit, need to sale this property",Baramati Nagar Baramati Maharashtra India,1 Bds - 1 Ba - 600 ft2,2020-07-12T18:31:00+0000,"₹ 10,00,000"
,,,,,
Sai Proviso Sapphire 1 BHK 490 Sq Ft Flats for Sale in Roadpali,"FREEHOLD PLOT | CC & CRZ CLEARANCE - Available | Payment Plan Available| Plot Size:- 3049.31 SQ. MTRS. | G+16 Floors Stand-alone Tower - 1Bhk, 2Bhk + T & 2Bhk Flats | TOTAL UNITS# 110.  CCTV • Car Parking • WI-FI • Clubhouse • Swimming Pool & Kids Pool • Landscape Garden at 2nd Floor • Children play area • Water Bodies and Fountains • Acupressure • Walk Area • Amphitheater • Indoor games Room • Party Lawn.  MAHA RERA: P52000/ 021378 and Possession Date -29/06/2024",Roadpali Navi Mumbai Maharashtra India,1 Bds - 1 Ba - 765 ft2,2020-07-12T18:58:09+0000,"₹ 59,52,555"
,,,,,
Sai Proviso Sapphire 1 BHK 490 Sq Ft Flats for Sale in Roadpali,"FREEHOLD PLOT | CC & CRZ CLEARANCE - Available | Payment Plan Available| Plot Size:- 3049.31 SQ. MTRS. | G+16 Floors Stand-alone Tower - 1Bhk, 2Bhk + T & 2Bhk Flats | TOTAL UNITS# 110.  CCTV • Car Parking • WI-FI • Clubhouse • Swimming Pool & Kids Pool • Landscape Garden at 2nd Floor • Children play area • Water Bodies and Fountains • Acupressure • Walk Area • Amphitheater • Indoor games Room • Party Lawn.  MAHA RERA: P52000/ 021378 and Possession Date -29/06/2024",Karanjade Navi Mumbai Maharashtra India,1 Bds - 1 Ba - 765 ft2,2020-07-12T18:58:09+0000,"₹ 59,52,590"
,,,,,
Sai Proviso Sapphire 1 BHK 490 Sq Ft Flats for Sale in Roadpali,"FREEHOLD PLOT | CC & CRZ CLEARANCE - Available | Payment Plan Available| Plot Size:- 3049.31 SQ. MTRS. | G+16 Floors Stand-alone Tower - 1Bhk, 2Bhk + T & 2Bhk Flats | TOTAL UNITS# 110.  CCTV • Car Parking • WI-FI • Clubhouse • Swimming Pool & Kids Pool • Landscape Garden at 2nd Floor • Children play area • Water Bodies and Fountains • Acupressure • Walk Area • Amphitheater • Indoor games Room • Party Lawn.  MAHA RERA: P52000/ 021378 and Possession Date -29/06/2024",Kharghar Navi Mumbai Maharashtra India,1 Bds - 1 Ba - 765 ft2,2020-07-12T18:58:09+0000,"₹ 59,52,625"
,,,,,
Sai Proviso Sapphire 1 BHK 490 Sq Ft Flats for Sale in Roadpali,"FREEHOLD PLOT | CC & CRZ CLEARANCE - Available | Payment Plan Available| Plot Size:- 3049.31 SQ. MTRS. | G+16 Floors Stand-alone Tower - 1Bhk, 2Bhk + T & 2Bhk Flats | TOTAL UNITS# 110.  CCTV • Car Parking • WI-FI • Clubhouse • Swimming Pool & Kids Pool • Landscape Garden at 2nd Floor • Children play area • Water Bodies and Fountains • Acupressure • Walk Area • Amphitheater • Indoor games Room • Party Lawn.  MAHA RERA: P52000/ 021378 and Possession Date -29/06/2024",Khandeshwar Navi Mumbai Maharashtra India,1 Bds - 1 Ba - 765 ft2,2020-07-12T18:58:08+0000,"₹ 59,52,240"
,,,,,
Ready to move 3/4 BHK Apartments in Frazer Town,"Prestige Deja Vu – 40 sprawling apartments spanning 21 floors, with 3 & 4 bedroom apartments. This picture of elegance rises above the ordinary, giving you an excellent view of the city.",Fraser town Bengaluru Karnataka India,3 Bds - 3 Ba - 2795 ft2,2020-07-12T18:39:47+0000,"₹ 3,63,00,000"
,,,,,
"2 BHK + Terrace Flats for Sale in Roadpali, Navi Mumbai","FREEHOLD PLOT | CC & CRZ CLEARANCE - Available | Payment Plan Available| Plot Size:- 3049.31 SQ. MTRS. | G+16 Floors Stand-alone Tower - 1Bhk, 2Bhk + T & 2Bhk Flats | TOTAL UNITS# 110.  CCTV • Car Parking • WI-FI • Clubhouse • Swimming Pool & Kids Pool • Landscape Garden at 2nd Floor • Children play area • Water Bodies and Fountains • Acupressure • Walk Area • Amphitheater • Indoor games Room • Party Lawn.  MAHA RERA: P52000/ 021378 and Possession Date -29/06/2024",Khandeshwar Navi Mumbai Maharashtra India,2 Bds - 2 Ba - 1705 ft2,2020-07-12T18:43:11+0000,"₹ 1,31,00,635"
,,,,,
"2 BHK + Terrace Flats for Sale in Roadpali, Navi Mumbai","FREEHOLD PLOT | CC & CRZ CLEARANCE - Available | Payment Plan Available| Plot Size:- 3049.31 SQ. MTRS. | G+16 Floors Stand-alone Tower - 1Bhk, 2Bhk + T & 2Bhk Flats | TOTAL UNITS# 110.  CCTV • Car Parking • WI-FI • Clubhouse • Swimming Pool & Kids Pool • Landscape Garden at 2nd Floor • Children play area • Water Bodies and Fountains • Acupressure • Walk Area • Amphitheater • Indoor games Room • Party Lawn.  MAHA RERA: P52000/ 021378 and Possession Date -29/06/2024",Kharghar Navi Mumbai Maharashtra India,2 Bds - 2 Ba - 1705 ft2,2020-07-12T18:43:11+0000,"₹ 1,31,00,635"
,,,,,
"2 BHK + Terrace Flats for Sale in Roadpali, Navi Mumbai","FREEHOLD PLOT | CC & CRZ CLEARANCE - Available | Payment Plan Available| Plot Size:- 3049.31 SQ. MTRS. | G+16 Floors Stand-alone Tower - 1Bhk, 2Bhk + T & 2Bhk Flats | TOTAL UNITS# 110.  CCTV • Car Parking • WI-FI • Clubhouse • Swimming Pool & Kids Pool • Landscape Garden at 2nd Floor • Children play area • Water Bodies and Fountains • Acupressure • Walk Area • Amphitheater • Indoor games Room • Party Lawn.  MAHA RERA: P52000/ 021378 and Possession Date -29/06/2024",Kamothe Navi Mumbai Maharashtra India,2 Bds - 2 Ba - 1705 ft2,2020-07-12T18:43:11+0000,"₹ 1,31,02,032"
,,,,,
"Flats, duplex and plots","किसी भी प्रकार के फ्लैट्स, डुप्लैक्स एवं प्लॉट्स खरीदने के लिए सम्पर्क करें। उचित मार्गदर्शन के साथ।",City Center Gwalior Madhya Pradesh India,2 Bds - 2 Ba - 1100 ft2,2020-07-12T18:30:57+0000,"₹ 24,00,000"
,,,,,
"തൊടുപുഴ ഇടവെട്ടി മാർത്തോമ ഭാഗത്ത് പുതിയ
വീട് വിൽപനക്ക്.","തൊടുപുഴ ഇടവെട്ടി മാർത്തോമ ഭാഗത്ത് പുതിയ വീട് വിൽപനക്ക്.  950 ചതുരശ്ര അടി, 3 ബെഡ് റൂമുകൾ, 2 ബാത്ത് റൂമുകൾ, 4.5 സെന്റ് സ്ഥലം മുറ്റത്ത് തന്നെ വറ്റാത്ത കിണർ വെള്ളം.  ഉദ്ദേശിക്കുന്ന വില: 23,00,000 രൂപ  ബ്രോക്കർ മാർ വിളിക്കേണ്ടതില്ല.. ലോൺ സൗകര്യം ലഭ്യമാണ്  Thodupuzha Properties Adamstar complex Thodupuzha",Karikkode Part Thodupuzha Kerala India,3 Bds - 2 Ba - 950 ft2,2020-07-12T18:30:38+0000,"₹ 23,00,000"
title,description,location,features,data,price
